date,total
2018 06 18 00 00,13
2018 06 18 00 10,14
2018 06 18 00 20,9
2018 06 18 00 30,7
2018 06 18 00 40,4
2018 06 18 00 50,4
2018 06 18 01 00,7
2018 06 18 01 10,4
2018 06 18 01 20,4
2018 06 18 01 30,3
2018 06 18 01 40,4
2018 06 18 01 50,3
2018 06 18 02 00,4
2018 06 18 02 10,1
2018 06 18 02 20,1
2018 06 18 02 30,1
2018 06 18 02 40,0
2018 06 18 02 50,0
2018 06 18 03 00,0
2018 06 18 03 10,1
2018 06 18 03 20,0
2018 06 18 03 30,0
2018 06 18 03 40,1
2018 06 18 03 50,2
2018 06 18 04 00,0
2018 06 18 04 10,0
2018 06 18 04 20,0
2018 06 18 04 30,1
2018 06 18 04 40,0
2018 06 18 04 50,0
2018 06 18 05 00,0
2018 06 18 05 10,1
2018 06 18 05 20,1
2018 06 18 05 30,0
2018 06 18 05 40,1
2018 06 18 05 50,2
2018 06 18 06 00,2
2018 06 18 06 10,2
2018 06 18 06 20,2
2018 06 18 06 30,4
2018 06 18 06 40,3
2018 06 18 06 50,6
2018 06 18 07 00,8
2018 06 18 07 10,7
2018 06 18 07 20,9
2018 06 18 07 30,15
2018 06 18 07 40,22
2018 06 18 07 50,23
2018 06 18 08 00,38
2018 06 18 08 10,38
2018 06 18 08 20,46
2018 06 18 08 30,47
2018 06 18 08 40,52
2018 06 18 08 50,68
2018 06 18 09 00,61
2018 06 18 09 10,66
2018 06 18 09 20,66
2018 06 18 09 30,85
2018 06 18 09 40,103
2018 06 18 09 50,105
2018 06 18 10 00,70
2018 06 18 10 10,62
2018 06 18 10 20,64
2018 06 18 10 30,66
2018 06 18 10 40,69
2018 06 18 10 50,70
2018 06 18 11 00,77
2018 06 18 11 10,70
2018 06 18 11 20,70
2018 06 18 11 30,75
2018 06 18 11 40,87
2018 06 18 11 50,109
2018 06 18 12 00,157
2018 06 18 12 10,166
2018 06 18 12 20,215
2018 06 18 12 30,227
2018 06 18 12 40,218
2018 06 18 12 50,213
2018 06 18 13 00,213
2018 06 18 13 10,229
2018 06 18 13 20,219
2018 06 18 13 30,192
2018 06 18 13 40,170
2018 06 18 13 50,146
2018 06 18 14 00,143
2018 06 18 14 10,137
2018 06 18 14 20,144
2018 06 18 14 30,124
2018 06 18 14 40,141
2018 06 18 14 50,127
2018 06 18 15 00,122
2018 06 18 15 10,124
2018 06 18 15 20,105
2018 06 18 15 30,83
2018 06 18 15 40,85
2018 06 18 15 50,89
2018 06 18 16 00,80
2018 06 18 16 10,78
2018 06 18 16 20,80
2018 06 18 16 30,83
2018 06 18 16 40,81
2018 06 18 16 50,68
2018 06 18 17 00,72
2018 06 18 17 10,86
2018 06 18 17 20,84
2018 06 18 17 30,64
2018 06 18 17 40,88
2018 06 18 17 50,123
2018 06 18 18 00,146
2018 06 18 18 10,200
2018 06 18 18 20,213
2018 06 18 18 30,225
2018 06 18 18 40,228
2018 06 18 18 50,247
2018 06 18 19 00,262
2018 06 18 19 10,223
2018 06 18 19 20,218
2018 06 18 19 30,209
2018 06 18 19 40,174
2018 06 18 19 50,186
2018 06 18 20 00,187
2018 06 18 20 10,172
2018 06 18 20 20,147
2018 06 18 20 30,130
2018 06 18 20 40,121
2018 06 18 20 50,94
2018 06 18 21 00,90
2018 06 18 21 10,88
2018 06 18 21 20,87
2018 06 18 21 30,56
2018 06 18 21 40,50
2018 06 18 21 50,28
2018 06 18 22 00,33
2018 06 18 22 10,32
2018 06 18 22 20,33
2018 06 18 22 30,24
2018 06 18 22 40,36
2018 06 18 22 50,38
2018 06 18 23 00,51
2018 06 18 23 10,44
2018 06 18 23 20,29
2018 06 18 23 30,20
2018 06 18 23 40,13
2018 06 18 23 50,16
2018 06 19 00 00,19
2018 06 19 00 10,11
2018 06 19 00 20,6
2018 06 19 00 30,5
2018 06 19 00 40,5
2018 06 19 00 50,5
2018 06 19 01 00,5
2018 06 19 01 10,5
2018 06 19 01 20,5
2018 06 19 01 30,5
2018 06 19 01 40,5
2018 06 19 01 50,2
2018 06 19 02 00,2
2018 06 19 02 10,1
2018 06 19 02 20,3
2018 06 19 02 30,1
2018 06 19 02 40,1
2018 06 19 02 50,2
2018 06 19 03 00,1
2018 06 19 03 10,1
2018 06 19 03 20,1
2018 06 19 03 30,0
2018 06 19 03 40,0
2018 06 19 03 50,0
2018 06 19 04 00,0
2018 06 19 04 10,1
2018 06 19 04 20,2
2018 06 19 04 30,3
2018 06 19 04 40,2
2018 06 19 04 50,1
2018 06 19 05 00,1
2018 06 19 05 10,2
2018 06 19 05 20,2
2018 06 19 05 30,1
2018 06 19 05 40,0
2018 06 19 05 50,2
2018 06 19 06 00,2
2018 06 19 06 10,1
2018 06 19 06 20,3
2018 06 19 06 30,4
2018 06 19 06 40,4
2018 06 19 06 50,6
2018 06 19 07 00,11
2018 06 19 07 10,10
2018 06 19 07 20,25
2018 06 19 07 30,41
2018 06 19 07 40,78
2018 06 19 07 50,102
2018 06 19 08 00,102
2018 06 19 08 10,90
2018 06 19 08 20,130
2018 06 19 08 30,174
2018 06 19 08 40,214
2018 06 19 08 50,272
2018 06 19 09 00,267
2018 06 19 09 10,184
2018 06 19 09 20,177
2018 06 19 09 30,175
2018 06 19 09 40,186
2018 06 19 09 50,170
2018 06 19 10 00,137
2018 06 19 10 10,109
2018 06 19 10 20,117
2018 06 19 10 30,126
2018 06 19 10 40,111
2018 06 19 10 50,103
2018 06 19 11 00,84
2018 06 19 11 10,85
2018 06 19 11 20,86
2018 06 19 11 30,117
2018 06 19 11 40,156
2018 06 19 11 50,204
2018 06 19 12 00,285
2018 06 19 12 10,492
2018 06 19 12 20,553
2018 06 19 12 30,616
2018 06 19 12 40,671
2018 06 19 12 50,790
2018 06 19 13 00,878
2018 06 19 13 10,896
2018 06 19 13 20,893
2018 06 19 13 30,850
2018 06 19 13 40,698
2018 06 19 13 50,544
2018 06 19 14 00,403
2018 06 19 14 10,303
2018 06 19 14 20,209
2018 06 19 14 30,141
2018 06 19 14 40,133
2018 06 19 14 50,131
2018 06 19 15 00,155
2018 06 19 15 10,137
2018 06 19 15 20,128
2018 06 19 15 30,134
2018 06 19 15 40,131
2018 06 19 15 50,135
2018 06 19 16 00,123
2018 06 19 16 10,127
2018 06 19 16 20,116
2018 06 19 16 30,107
2018 06 19 16 40,116
2018 06 19 16 50,109
2018 06 19 17 00,106
2018 06 19 17 10,104
2018 06 19 17 20,147
2018 06 19 17 30,180
2018 06 19 17 40,215
2018 06 19 17 50,281
2018 06 19 18 00,356
2018 06 19 18 10,401
2018 06 19 18 20,375
2018 06 19 18 30,391
2018 06 19 18 40,377
2018 06 19 18 50,354
2018 06 19 19 00,320
2018 06 19 19 10,322
2018 06 19 19 20,313
2018 06 19 19 30,290
2018 06 19 19 40,266
2018 06 19 19 50,257
2018 06 19 20 00,251
2018 06 19 20 10,220
2018 06 19 20 20,178
2018 06 19 20 30,141
2018 06 19 20 40,109
2018 06 19 20 50,93
2018 06 19 21 00,85
2018 06 19 21 10,84
2018 06 19 21 20,86
2018 06 19 21 30,53
2018 06 19 21 40,60
2018 06 19 21 50,56
2018 06 19 22 00,65
2018 06 19 22 10,59
2018 06 19 22 20,66
2018 06 19 22 30,48
2018 06 19 22 40,57
2018 06 19 22 50,32
2018 06 19 23 00,40
2018 06 19 23 10,38
2018 06 19 23 20,39
2018 06 19 23 30,38
2018 06 19 23 40,38
2018 06 19 23 50,23
2018 06 20 00 00,27
2018 06 20 00 10,16
2018 06 20 00 20,13
2018 06 20 00 30,16
2018 06 20 00 40,1
2018 06 20 00 50,6
2018 06 20 01 00,8
2018 06 20 01 10,8
2018 06 20 01 20,5
2018 06 20 01 30,1
2018 06 20 01 40,0
2018 06 20 01 50,2
2018 06 20 02 00,1
2018 06 20 02 10,0
2018 06 20 02 20,0
2018 06 20 02 30,2
2018 06 20 02 40,1
2018 06 20 02 50,0
2018 06 20 03 00,1
2018 06 20 03 10,1
2018 06 20 03 20,0
2018 06 20 03 30,0
2018 06 20 03 40,1
2018 06 20 03 50,0
2018 06 20 04 00,2
2018 06 20 04 10,2
2018 06 20 04 20,0
2018 06 20 04 30,0
2018 06 20 04 40,0
2018 06 20 04 50,0
2018 06 20 05 00,0
2018 06 20 05 10,0
2018 06 20 05 20,1
2018 06 20 05 30,0
2018 06 20 05 40,0
2018 06 20 05 50,0
2018 06 20 06 00,1
2018 06 20 06 10,2
2018 06 20 06 20,4
2018 06 20 06 30,4
2018 06 20 06 40,5
2018 06 20 06 50,8
2018 06 20 07 00,11
2018 06 20 07 10,17
2018 06 20 07 20,29
2018 06 20 07 30,29
2018 06 20 07 40,44
2018 06 20 07 50,72
2018 06 20 08 00,94
2018 06 20 08 10,104
2018 06 20 08 20,140
2018 06 20 08 30,196
2018 06 20 08 40,237
2018 06 20 08 50,268
2018 06 20 09 00,249
2018 06 20 09 10,231
2018 06 20 09 20,189
2018 06 20 09 30,173
2018 06 20 09 40,179
2018 06 20 09 50,178
2018 06 20 10 00,148
2018 06 20 10 10,127
2018 06 20 10 20,113
2018 06 20 10 30,110
2018 06 20 10 40,103
2018 06 20 10 50,92
2018 06 20 11 00,109
2018 06 20 11 10,112
2018 06 20 11 20,133
2018 06 20 11 30,143
2018 06 20 11 40,202
2018 06 20 11 50,263
2018 06 20 12 00,322
2018 06 20 12 10,394
2018 06 20 12 20,454
2018 06 20 12 30,545
2018 06 20 12 40,630
2018 06 20 12 50,760
2018 06 20 13 00,910
2018 06 20 13 10,944
2018 06 20 13 20,922
2018 06 20 13 30,794
2018 06 20 13 40,681
2018 06 20 13 50,569
2018 06 20 14 00,453
2018 06 20 14 10,325
2018 06 20 14 20,235
2018 06 20 14 30,186
2018 06 20 14 40,169
2018 06 20 14 50,132
2018 06 20 15 00,119
2018 06 20 15 10,106
2018 06 20 15 20,119
2018 06 20 15 30,151
2018 06 20 15 40,154
2018 06 20 15 50,142
2018 06 20 16 00,111
2018 06 20 16 10,108
2018 06 20 16 20,113
2018 06 20 16 30,110
2018 06 20 16 40,100
2018 06 20 16 50,109
2018 06 20 17 00,110
2018 06 20 17 10,87
2018 06 20 17 20,102
2018 06 20 17 30,147
2018 06 20 17 40,217
2018 06 20 17 50,288
2018 06 20 18 00,381
2018 06 20 18 10,407
2018 06 20 18 20,418
2018 06 20 18 30,388
2018 06 20 18 40,401
2018 06 20 18 50,371
2018 06 20 19 00,327
2018 06 20 19 10,330
2018 06 20 19 20,297
2018 06 20 19 30,260
2018 06 20 19 40,259
2018 06 20 19 50,235
2018 06 20 20 00,227
2018 06 20 20 10,188
2018 06 20 20 20,188
2018 06 20 20 30,140
2018 06 20 20 40,144
2018 06 20 20 50,133
2018 06 20 21 00,127
2018 06 20 21 10,113
2018 06 20 21 20,84
2018 06 20 21 30,59
2018 06 20 21 40,66
2018 06 20 21 50,60
2018 06 20 22 00,49
2018 06 20 22 10,47
2018 06 20 22 20,48
2018 06 20 22 30,51
2018 06 20 22 40,35
2018 06 20 22 50,51
2018 06 20 23 00,45
2018 06 20 23 10,36
2018 06 20 23 20,33
2018 06 20 23 30,30
2018 06 20 23 40,27
2018 06 20 23 50,31
2018 06 21 00 00,27
2018 06 21 00 10,27
2018 06 21 00 20,18
2018 06 21 00 30,6
2018 06 21 00 40,2
2018 06 21 00 50,1
2018 06 21 01 00,0
2018 06 21 01 10,5
2018 06 21 01 20,2
2018 06 21 01 30,3
2018 06 21 01 40,4
2018 06 21 01 50,6
2018 06 21 02 00,1
2018 06 21 02 10,0
2018 06 21 02 20,0
2018 06 21 02 30,0
2018 06 21 02 40,1
2018 06 21 02 50,1
2018 06 21 03 00,0
2018 06 21 03 10,1
2018 06 21 03 20,1
2018 06 21 03 30,0
2018 06 21 03 40,0
2018 06 21 03 50,1
2018 06 21 04 00,0
2018 06 21 04 10,0
2018 06 21 04 20,0
2018 06 21 04 30,0
2018 06 21 04 40,0
2018 06 21 04 50,0
2018 06 21 05 00,2
2018 06 21 05 10,2
2018 06 21 05 20,1
2018 06 21 05 30,0
2018 06 21 05 40,0
2018 06 21 05 50,0
2018 06 21 06 00,1
2018 06 21 06 10,1
2018 06 21 06 20,2
2018 06 21 06 30,2
2018 06 21 06 40,2
2018 06 21 06 50,7
2018 06 21 07 00,13
2018 06 21 07 10,19
2018 06 21 07 20,30
2018 06 21 07 30,46
2018 06 21 07 40,46
2018 06 21 07 50,82
2018 06 21 08 00,109
2018 06 21 08 10,108
2018 06 21 08 20,139
2018 06 21 08 30,204
2018 06 21 08 40,239
2018 06 21 08 50,287
2018 06 21 09 00,262
2018 06 21 09 10,202
2018 06 21 09 20,162
2018 06 21 09 30,167
2018 06 21 09 40,181
2018 06 21 09 50,191
2018 06 21 10 00,164
2018 06 21 10 10,125
2018 06 21 10 20,129
2018 06 21 10 30,130
2018 06 21 10 40,128
2018 06 21 10 50,130
2018 06 21 11 00,120
2018 06 21 11 10,86
2018 06 21 11 20,92
2018 06 21 11 30,117
2018 06 21 11 40,132
2018 06 21 11 50,210
2018 06 21 12 00,289
2018 06 21 12 10,467
2018 06 21 12 20,569
2018 06 21 12 30,619
2018 06 21 12 40,667
2018 06 21 12 50,784
2018 06 21 13 00,884
2018 06 21 13 10,916
2018 06 21 13 20,912
2018 06 21 13 30,847
2018 06 21 13 40,749
2018 06 21 13 50,663
2018 06 21 14 00,568
2018 06 21 14 10,374
2018 06 21 14 20,235
2018 06 21 14 30,194
2018 06 21 14 40,177
2018 06 21 14 50,149
2018 06 21 15 00,144
2018 06 21 15 10,139
2018 06 21 15 20,120
2018 06 21 15 30,167
2018 06 21 15 40,177
2018 06 21 15 50,159
2018 06 21 16 00,150
2018 06 21 16 10,142
2018 06 21 16 20,129
2018 06 21 16 30,119
2018 06 21 16 40,118
2018 06 21 16 50,117
2018 06 21 17 00,100
2018 06 21 17 10,120
2018 06 21 17 20,132
2018 06 21 17 30,205
2018 06 21 17 40,241
2018 06 21 17 50,340
2018 06 21 18 00,440
2018 06 21 18 10,471
2018 06 21 18 20,429
2018 06 21 18 30,443
2018 06 21 18 40,407
2018 06 21 18 50,392
2018 06 21 19 00,368
2018 06 21 19 10,326
2018 06 21 19 20,294
2018 06 21 19 30,276
2018 06 21 19 40,277
2018 06 21 19 50,276
2018 06 21 20 00,228
2018 06 21 20 10,227
2018 06 21 20 20,204
2018 06 21 20 30,150
2018 06 21 20 40,145
2018 06 21 20 50,142
2018 06 21 21 00,122
2018 06 21 21 10,111
2018 06 21 21 20,75
2018 06 21 21 30,49
2018 06 21 21 40,70
2018 06 21 21 50,65
2018 06 21 22 00,62
2018 06 21 22 10,61
2018 06 21 22 20,73
2018 06 21 22 30,33
2018 06 21 22 40,36
2018 06 21 22 50,36
2018 06 21 23 00,25
2018 06 21 23 10,25
2018 06 21 23 20,49
2018 06 21 23 30,57
2018 06 21 23 40,54
2018 06 21 23 50,39
2018 06 22 00 00,31
2018 06 22 00 10,29
2018 06 22 00 20,24
2018 06 22 00 30,20
2018 06 22 00 40,17
2018 06 22 00 50,12
2018 06 22 01 00,6
2018 06 22 01 10,9
2018 06 22 01 20,6
2018 06 22 01 30,7
2018 06 22 01 40,7
2018 06 22 01 50,5
2018 06 22 02 00,5
2018 06 22 02 10,4
2018 06 22 02 20,0
2018 06 22 02 30,0
2018 06 22 02 40,0
2018 06 22 02 50,1
2018 06 22 03 00,4
2018 06 22 03 10,5
2018 06 22 03 20,3
2018 06 22 03 30,3
2018 06 22 03 40,0
2018 06 22 03 50,0
2018 06 22 04 00,0
2018 06 22 04 10,0
2018 06 22 04 20,1
2018 06 22 04 30,2
2018 06 22 04 40,0
2018 06 22 04 50,0
2018 06 22 05 00,1
2018 06 22 05 10,2
2018 06 22 05 20,0
2018 06 22 05 30,1
2018 06 22 05 40,0
2018 06 22 05 50,0
2018 06 22 06 00,2
2018 06 22 06 10,3
2018 06 22 06 20,2
2018 06 22 06 30,4
2018 06 22 06 40,1
2018 06 22 06 50,6
2018 06 22 07 00,12
2018 06 22 07 10,25
2018 06 22 07 20,33
2018 06 22 07 30,53
2018 06 22 07 40,74
2018 06 22 07 50,74
2018 06 22 08 00,83
2018 06 22 08 10,100
2018 06 22 08 20,125
2018 06 22 08 30,172
2018 06 22 08 40,208
2018 06 22 08 50,212
2018 06 22 09 00,213
2018 06 22 09 10,189
2018 06 22 09 20,166
2018 06 22 09 30,160
2018 06 22 09 40,166
2018 06 22 09 50,186
2018 06 22 10 00,172
2018 06 22 10 10,128
2018 06 22 10 20,126
2018 06 22 10 30,108
2018 06 22 10 40,97
2018 06 22 10 50,84
2018 06 22 11 00,75
2018 06 22 11 10,93
2018 06 22 11 20,110
2018 06 22 11 30,129
2018 06 22 11 40,174
2018 06 22 11 50,291
2018 06 22 12 00,365
2018 06 22 12 10,433
2018 06 22 12 20,510
2018 06 22 12 30,560
2018 06 22 12 40,626
2018 06 22 12 50,781
2018 06 22 13 00,849
2018 06 22 13 10,899
2018 06 22 13 20,879
2018 06 22 13 30,793
2018 06 22 13 40,724
2018 06 22 13 50,655
2018 06 22 14 00,497
2018 06 22 14 10,342
2018 06 22 14 20,289
2018 06 22 14 30,204
2018 06 22 14 40,163
2018 06 22 14 50,140
2018 06 22 15 00,147
2018 06 22 15 10,112
2018 06 22 15 20,109
2018 06 22 15 30,122
2018 06 22 15 40,143
2018 06 22 15 50,150
2018 06 22 16 00,136
2018 06 22 16 10,122
2018 06 22 16 20,96
2018 06 22 16 30,103
2018 06 22 16 40,122
2018 06 22 16 50,126
2018 06 22 17 00,120
2018 06 22 17 10,103
2018 06 22 17 20,146
2018 06 22 17 30,173
2018 06 22 17 40,200
2018 06 22 17 50,266
2018 06 22 18 00,300
2018 06 22 18 10,377
2018 06 22 18 20,385
2018 06 22 18 30,350
2018 06 22 18 40,327
2018 06 22 18 50,344
2018 06 22 19 00,319
2018 06 22 19 10,299
2018 06 22 19 20,262
2018 06 22 19 30,253
2018 06 22 19 40,252
2018 06 22 19 50,266
2018 06 22 20 00,222
2018 06 22 20 10,178
2018 06 22 20 20,150
2018 06 22 20 30,160
2018 06 22 20 40,133
2018 06 22 20 50,102
2018 06 22 21 00,103
2018 06 22 21 10,87
2018 06 22 21 20,56
2018 06 22 21 30,58
2018 06 22 21 40,63
2018 06 22 21 50,61
2018 06 22 22 00,46
2018 06 22 22 10,44
2018 06 22 22 20,43
2018 06 22 22 30,45
2018 06 22 22 40,37
2018 06 22 22 50,41
2018 06 22 23 00,41
2018 06 22 23 10,39
2018 06 22 23 20,38
2018 06 22 23 30,38
2018 06 22 23 40,24
2018 06 22 23 50,34
2018 06 23 00 00,18
2018 06 23 00 10,19
2018 06 23 00 20,7
2018 06 23 00 30,11
2018 06 23 00 40,6
2018 06 23 00 50,9
2018 06 23 01 00,9
2018 06 23 01 10,9
2018 06 23 01 20,2
2018 06 23 01 30,2
2018 06 23 01 40,1
2018 06 23 01 50,1
2018 06 23 02 00,0
2018 06 23 02 10,1
2018 06 23 02 20,4
2018 06 23 02 30,0
2018 06 23 02 40,4
2018 06 23 02 50,5
2018 06 23 03 00,5
2018 06 23 03 10,1
2018 06 23 03 20,0
2018 06 23 03 30,0
2018 06 23 03 40,3
2018 06 23 03 50,3
2018 06 23 04 00,0
2018 06 23 04 10,0
2018 06 23 04 20,1
2018 06 23 04 30,6
2018 06 23 04 40,2
2018 06 23 04 50,3
2018 06 23 05 00,1
2018 06 23 05 10,0
2018 06 23 05 20,0
2018 06 23 05 30,0
2018 06 23 05 40,1
2018 06 23 05 50,4
2018 06 23 06 00,3
2018 06 23 06 10,3
2018 06 23 06 20,3
2018 06 23 06 30,5
2018 06 23 06 40,1
2018 06 23 06 50,2
2018 06 23 07 00,5
2018 06 23 07 10,12
2018 06 23 07 20,16
2018 06 23 07 30,26
2018 06 23 07 40,40
2018 06 23 07 50,45
2018 06 23 08 00,45
2018 06 23 08 10,59
2018 06 23 08 20,67
2018 06 23 08 30,67
2018 06 23 08 40,72
2018 06 23 08 50,71
2018 06 23 09 00,82
2018 06 23 09 10,98
2018 06 23 09 20,110
2018 06 23 09 30,121
2018 06 23 09 40,144
2018 06 23 09 50,128
2018 06 23 10 00,90
2018 06 23 10 10,83
2018 06 23 10 20,98
2018 06 23 10 30,104
2018 06 23 10 40,127
2018 06 23 10 50,109
2018 06 23 11 00,117
2018 06 23 11 10,94
2018 06 23 11 20,88
2018 06 23 11 30,95
2018 06 23 11 40,93
2018 06 23 11 50,125
2018 06 23 12 00,137
2018 06 23 12 10,176
2018 06 23 12 20,221
2018 06 23 12 30,294
2018 06 23 12 40,351
2018 06 23 12 50,374
2018 06 23 13 00,381
2018 06 23 13 10,364
2018 06 23 13 20,366
2018 06 23 13 30,332
2018 06 23 13 40,272
2018 06 23 13 50,214
2018 06 23 14 00,199
2018 06 23 14 10,170
2018 06 23 14 20,135
2018 06 23 14 30,121
2018 06 23 14 40,122
2018 06 23 14 50,113
2018 06 23 15 00,129
2018 06 23 15 10,109
2018 06 23 15 20,122
2018 06 23 15 30,110
2018 06 23 15 40,108
2018 06 23 15 50,95
2018 06 23 16 00,82
2018 06 23 16 10,81
2018 06 23 16 20,87
2018 06 23 16 30,88
2018 06 23 16 40,95
2018 06 23 16 50,90
2018 06 23 17 00,78
2018 06 23 17 10,86
2018 06 23 17 20,80
2018 06 23 17 30,80
2018 06 23 17 40,110
2018 06 23 17 50,161
2018 06 23 18 00,181
2018 06 23 18 10,219
2018 06 23 18 20,297
2018 06 23 18 30,305
2018 06 23 18 40,297
2018 06 23 18 50,289
2018 06 23 19 00,245
2018 06 23 19 10,248
2018 06 23 19 20,247
2018 06 23 19 30,250
2018 06 23 19 40,236
2018 06 23 19 50,246
2018 06 23 20 00,217
2018 06 23 20 10,158
2018 06 23 20 20,144
2018 06 23 20 30,124
2018 06 23 20 40,112
2018 06 23 20 50,87
2018 06 23 21 00,86
2018 06 23 21 10,79
2018 06 23 21 20,54
2018 06 23 21 30,59
2018 06 23 21 40,54
2018 06 23 21 50,42
2018 06 23 22 00,38
2018 06 23 22 10,46
2018 06 23 22 20,30
2018 06 23 22 30,31
2018 06 23 22 40,33
2018 06 23 22 50,24
2018 06 23 23 00,28
2018 06 23 23 10,21
2018 06 23 23 20,13
2018 06 23 23 30,29
2018 06 23 23 40,34
2018 06 23 23 50,28
2018 06 24 00 00,36
2018 06 24 00 10,6
2018 06 24 00 20,10
2018 06 24 00 30,12
2018 06 24 00 40,7
2018 06 24 00 50,5
2018 06 24 01 00,4
2018 06 24 01 10,7
2018 06 24 01 20,4
2018 06 24 01 30,4
2018 06 24 01 40,2
2018 06 24 01 50,6
2018 06 24 02 00,5
2018 06 24 02 10,4
2018 06 24 02 20,1
2018 06 24 02 30,0
2018 06 24 02 40,1
2018 06 24 02 50,0
2018 06 24 03 00,0
2018 06 24 03 10,0
2018 06 24 03 20,0
2018 06 24 03 30,0
2018 06 24 03 40,0
2018 06 24 03 50,1
2018 06 24 04 00,0
2018 06 24 04 10,1
2018 06 24 04 20,0
2018 06 24 04 30,0
2018 06 24 04 40,0
2018 06 24 04 50,1
2018 06 24 05 00,2
2018 06 24 05 10,0
2018 06 24 05 20,0
2018 06 24 05 30,1
2018 06 24 05 40,1
2018 06 24 05 50,1
2018 06 24 06 00,1
2018 06 24 06 10,1
2018 06 24 06 20,3
2018 06 24 06 30,5
2018 06 24 06 40,4
2018 06 24 06 50,8
2018 06 24 07 00,5
2018 06 24 07 10,8
2018 06 24 07 20,13
2018 06 24 07 30,17
2018 06 24 07 40,27
2018 06 24 07 50,22
2018 06 24 08 00,28
2018 06 24 08 10,36
2018 06 24 08 20,32
2018 06 24 08 30,47
2018 06 24 08 40,60
2018 06 24 08 50,67
2018 06 24 09 00,67
2018 06 24 09 10,61
2018 06 24 09 20,70
2018 06 24 09 30,90
2018 06 24 09 40,86
2018 06 24 09 50,85
2018 06 24 10 00,89
2018 06 24 10 10,79
2018 06 24 10 20,67
2018 06 24 10 30,64
2018 06 24 10 40,62
2018 06 24 10 50,65
2018 06 24 11 00,87
2018 06 24 11 10,92
2018 06 24 11 20,99
2018 06 24 11 30,97
2018 06 24 11 40,118
2018 06 24 11 50,141
2018 06 24 12 00,153
2018 06 24 12 10,170
2018 06 24 12 20,194
2018 06 24 12 30,234
2018 06 24 12 40,234
2018 06 24 12 50,234
2018 06 24 13 00,252
2018 06 24 13 10,269
2018 06 24 13 20,267
2018 06 24 13 30,250
2018 06 24 13 40,244
2018 06 24 13 50,202
2018 06 24 14 00,196
2018 06 24 14 10,187
2018 06 24 14 20,149
2018 06 24 14 30,144
2018 06 24 14 40,138
2018 06 24 14 50,144
2018 06 24 15 00,142
2018 06 24 15 10,126
2018 06 24 15 20,119
2018 06 24 15 30,107
2018 06 24 15 40,120
2018 06 24 15 50,115
2018 06 24 16 00,95
2018 06 24 16 10,78
2018 06 24 16 20,82
2018 06 24 16 30,79
2018 06 24 16 40,83
2018 06 24 16 50,87
2018 06 24 17 00,77
2018 06 24 17 10,97
2018 06 24 17 20,105
2018 06 24 17 30,100
2018 06 24 17 40,132
2018 06 24 17 50,184
2018 06 24 18 00,196
2018 06 24 18 10,223
2018 06 24 18 20,233
2018 06 24 18 30,253
2018 06 24 18 40,251
2018 06 24 18 50,289
2018 06 24 19 00,309
2018 06 24 19 10,273
2018 06 24 19 20,284
2018 06 24 19 30,270
2018 06 24 19 40,245
2018 06 24 19 50,214
2018 06 24 20 00,180
2018 06 24 20 10,146
2018 06 24 20 20,138
2018 06 24 20 30,117
2018 06 24 20 40,128
2018 06 24 20 50,109
2018 06 24 21 00,106
2018 06 24 21 10,85
2018 06 24 21 20,87
2018 06 24 21 30,67
2018 06 24 21 40,59
2018 06 24 21 50,52
2018 06 24 22 00,59
2018 06 24 22 10,30
2018 06 24 22 20,53
2018 06 24 22 30,57
2018 06 24 22 40,46
2018 06 24 22 50,38
2018 06 24 23 00,36
2018 06 24 23 10,24
2018 06 24 23 20,34
2018 06 24 23 30,32
2018 06 24 23 40,17
2018 06 24 23 50,15
2018 06 25 00 00,0
2018 06 25 00 10,8
2018 06 25 00 20,10
2018 06 25 00 30,6
2018 06 25 00 40,5
2018 06 25 00 50,2
2018 06 25 01 00,5
2018 06 25 01 10,3
2018 06 25 01 20,6
2018 06 25 01 30,4
2018 06 25 01 40,3
2018 06 25 01 50,1
2018 06 25 02 00,3
2018 06 25 02 10,1
2018 06 25 02 20,2
2018 06 25 02 30,2
2018 06 25 02 40,2
2018 06 25 02 50,4
2018 06 25 03 00,2
2018 06 25 03 10,2
2018 06 25 03 20,1
2018 06 25 03 30,1
2018 06 25 03 40,1
2018 06 25 03 50,2
2018 06 25 04 00,1
2018 06 25 04 10,1
2018 06 25 04 20,1
2018 06 25 04 30,2
2018 06 25 04 40,2
2018 06 25 04 50,2
2018 06 25 05 00,1
2018 06 25 05 10,1
2018 06 25 05 20,1
2018 06 25 05 30,5
2018 06 25 05 40,4
2018 06 25 05 50,4
2018 06 25 06 00,4
2018 06 25 06 10,4
2018 06 25 06 20,5
2018 06 25 06 30,4
2018 06 25 06 40,3
2018 06 25 06 50,8
2018 06 25 07 00,13
2018 06 25 07 10,18
2018 06 25 07 20,27
2018 06 25 07 30,41
2018 06 25 07 40,67
2018 06 25 07 50,64
2018 06 25 08 00,88
2018 06 25 08 10,95
2018 06 25 08 20,112
2018 06 25 08 30,181
2018 06 25 08 40,205
2018 06 25 08 50,216
2018 06 25 09 00,209
2018 06 25 09 10,167
2018 06 25 09 20,153
2018 06 25 09 30,157
2018 06 25 09 40,180
2018 06 25 09 50,206
2018 06 25 10 00,187
2018 06 25 10 10,130
2018 06 25 10 20,126
2018 06 25 10 30,117
2018 06 25 10 40,116
2018 06 25 10 50,115
2018 06 25 11 00,108
2018 06 25 11 10,96
2018 06 25 11 20,128
2018 06 25 11 30,150
2018 06 25 11 40,177
2018 06 25 11 50,228
2018 06 25 12 00,291
2018 06 25 12 10,348
2018 06 25 12 20,445
2018 06 25 12 30,545
2018 06 25 12 40,670
2018 06 25 12 50,780
2018 06 25 13 00,903
2018 06 25 13 10,918
2018 06 25 13 20,898
2018 06 25 13 30,822
2018 06 25 13 40,725
2018 06 25 13 50,604
2018 06 25 14 00,450
2018 06 25 14 10,304
2018 06 25 14 20,192
2018 06 25 14 30,159
2018 06 25 14 40,152
2018 06 25 14 50,142
2018 06 25 15 00,145
2018 06 25 15 10,134
2018 06 25 15 20,140
2018 06 25 15 30,139
2018 06 25 15 40,123
2018 06 25 15 50,107
2018 06 25 16 00,129
2018 06 25 16 10,113
2018 06 25 16 20,113
2018 06 25 16 30,110
2018 06 25 16 40,135
2018 06 25 16 50,128
2018 06 25 17 00,105
2018 06 25 17 10,109
2018 06 25 17 20,140
2018 06 25 17 30,159
2018 06 25 17 40,192
2018 06 25 17 50,285
2018 06 25 18 00,363
2018 06 25 18 10,436
2018 06 25 18 20,486
2018 06 25 18 30,442
2018 06 25 18 40,431
2018 06 25 18 50,408
2018 06 25 19 00,358
2018 06 25 19 10,350
2018 06 25 19 20,326
2018 06 25 19 30,286
2018 06 25 19 40,267
2018 06 25 19 50,258
2018 06 25 20 00,197
2018 06 25 20 10,217
2018 06 25 20 20,188
2018 06 25 20 30,178
2018 06 25 20 40,149
2018 06 25 20 50,121
2018 06 25 21 00,74
2018 06 25 21 10,97
2018 06 25 21 20,72
2018 06 25 21 30,45
2018 06 25 21 40,58
2018 06 25 21 50,69
2018 06 25 22 00,51
2018 06 25 22 10,44
2018 06 25 22 20,44
2018 06 25 22 30,48
2018 06 25 22 40,29
2018 06 25 22 50,34
2018 06 25 23 00,23
2018 06 25 23 10,19
2018 06 25 23 20,30
2018 06 25 23 30,33
2018 06 25 23 40,32
2018 06 25 23 50,29
2018 06 26 00 00,30
2018 06 26 00 10,21
2018 06 26 00 20,16
2018 06 26 00 30,11
2018 06 26 00 40,6
2018 06 26 00 50,6
2018 06 26 01 00,2
2018 06 26 01 10,5
2018 06 26 01 20,5
2018 06 26 01 30,3
2018 06 26 01 40,3
2018 06 26 01 50,5
2018 06 26 02 00,1
2018 06 26 02 10,2
2018 06 26 02 20,2
2018 06 26 02 30,1
2018 06 26 02 40,1
2018 06 26 02 50,2
2018 06 26 03 00,3
2018 06 26 03 10,5
2018 06 26 03 20,2
2018 06 26 03 30,2
2018 06 26 03 40,1
2018 06 26 03 50,2
2018 06 26 04 00,2
2018 06 26 04 10,1
2018 06 26 04 20,1
2018 06 26 04 30,2
2018 06 26 04 40,1
2018 06 26 04 50,3
2018 06 26 05 00,3
2018 06 26 05 10,3
2018 06 26 05 20,2
2018 06 26 05 30,2
2018 06 26 05 40,1
2018 06 26 05 50,1
2018 06 26 06 00,1
2018 06 26 06 10,2
2018 06 26 06 20,2
2018 06 26 06 30,4
2018 06 26 06 40,3
2018 06 26 06 50,11
2018 06 26 07 00,17
2018 06 26 07 10,28
2018 06 26 07 20,33
2018 06 26 07 30,63
2018 06 26 07 40,32
2018 06 26 07 50,82
2018 06 26 08 00,108
2018 06 26 08 10,112
2018 06 26 08 20,113
2018 06 26 08 30,178
2018 06 26 08 40,252
2018 06 26 08 50,274
2018 06 26 09 00,291
2018 06 26 09 10,223
2018 06 26 09 20,172
2018 06 26 09 30,159
2018 06 26 09 40,171
2018 06 26 09 50,151
2018 06 26 10 00,129
2018 06 26 10 10,128
2018 06 26 10 20,120
2018 06 26 10 30,109
2018 06 26 10 40,105
2018 06 26 10 50,88
2018 06 26 11 00,78
2018 06 26 11 10,85
2018 06 26 11 20,92
2018 06 26 11 30,131
2018 06 26 11 40,182
2018 06 26 11 50,247
2018 06 26 12 00,322
2018 06 26 12 10,353
2018 06 26 12 20,556
2018 06 26 12 30,675
2018 06 26 12 40,731
2018 06 26 12 50,816
2018 06 26 13 00,882
2018 06 26 13 10,876
2018 06 26 13 20,829
2018 06 26 13 30,770
2018 06 26 13 40,688
2018 06 26 13 50,579
2018 06 26 14 00,446
2018 06 26 14 10,304
2018 06 26 14 20,245
2018 06 26 14 30,191
2018 06 26 14 40,154
2018 06 26 14 50,164
2018 06 26 15 00,133
2018 06 26 15 10,113
2018 06 26 15 20,137
2018 06 26 15 30,118
2018 06 26 15 40,120
2018 06 26 15 50,135
2018 06 26 16 00,129
2018 06 26 16 10,110
2018 06 26 16 20,120
2018 06 26 16 30,106
2018 06 26 16 40,103
2018 06 26 16 50,84
2018 06 26 17 00,102
2018 06 26 17 10,113
2018 06 26 17 20,183
2018 06 26 17 30,186
2018 06 26 17 40,222
2018 06 26 17 50,311
2018 06 26 18 00,403
2018 06 26 18 10,456
2018 06 26 18 20,489
2018 06 26 18 30,461
2018 06 26 18 40,424
2018 06 26 18 50,375
2018 06 26 19 00,344
2018 06 26 19 10,318
2018 06 26 19 20,293
2018 06 26 19 30,283
2018 06 26 19 40,270
2018 06 26 19 50,267
2018 06 26 20 00,233
2018 06 26 20 10,223
2018 06 26 20 20,203
2018 06 26 20 30,194
2018 06 26 20 40,181
2018 06 26 20 50,171
2018 06 26 21 00,134
2018 06 26 21 10,150
2018 06 26 21 20,93
2018 06 26 21 30,69
2018 06 26 21 40,60
2018 06 26 21 50,44
2018 06 26 22 00,39
2018 06 26 22 10,51
2018 06 26 22 20,63
2018 06 26 22 30,38
2018 06 26 22 40,46
2018 06 26 22 50,42
2018 06 26 23 00,28
2018 06 26 23 10,38
2018 06 26 23 20,40
2018 06 26 23 30,33
2018 06 26 23 40,42
2018 06 26 23 50,35
2018 06 27 00 00,28
2018 06 27 00 10,15
2018 06 27 00 20,11
2018 06 27 00 30,11
2018 06 27 00 40,13
2018 06 27 00 50,12
2018 06 27 01 00,7
2018 06 27 01 10,8
2018 06 27 01 20,13
2018 06 27 01 30,7
2018 06 27 01 40,5
2018 06 27 01 50,5
2018 06 27 02 00,2
2018 06 27 02 10,2
2018 06 27 02 20,2
2018 06 27 02 30,1
2018 06 27 02 40,1
2018 06 27 02 50,1
2018 06 27 03 00,3
2018 06 27 03 10,2
2018 06 27 03 20,2
2018 06 27 03 30,2
2018 06 27 03 40,0
2018 06 27 03 50,1
2018 06 27 04 00,1
2018 06 27 04 10,1
2018 06 27 04 20,0
2018 06 27 04 30,0
2018 06 27 04 40,1
2018 06 27 04 50,0
2018 06 27 05 00,0
2018 06 27 05 10,0
2018 06 27 05 20,2
2018 06 27 05 30,1
2018 06 27 05 40,0
2018 06 27 05 50,1
2018 06 27 06 00,1
2018 06 27 06 10,1
2018 06 27 06 20,1
2018 06 27 06 30,3
2018 06 27 06 40,4
2018 06 27 06 50,12
2018 06 27 07 00,18
2018 06 27 07 10,14
2018 06 27 07 20,25
2018 06 27 07 30,31
2018 06 27 07 40,46
2018 06 27 07 50,79
2018 06 27 08 00,88
2018 06 27 08 10,103
2018 06 27 08 20,127
2018 06 27 08 30,151
2018 06 27 08 40,182
2018 06 27 08 50,239
2018 06 27 09 00,221
2018 06 27 09 10,180
2018 06 27 09 20,191
2018 06 27 09 30,191
2018 06 27 09 40,185
2018 06 27 09 50,149
2018 06 27 10 00,160
2018 06 27 10 10,143
2018 06 27 10 20,115
2018 06 27 10 30,123
2018 06 27 10 40,112
2018 06 27 10 50,105
2018 06 27 11 00,104
2018 06 27 11 10,92
2018 06 27 11 20,96
2018 06 27 11 30,130
2018 06 27 11 40,173
2018 06 27 11 50,233
2018 06 27 12 00,321
2018 06 27 12 10,407
2018 06 27 12 20,463
2018 06 27 12 30,507
2018 06 27 12 40,651
2018 06 27 12 50,790
2018 06 27 13 00,888
2018 06 27 13 10,942
2018 06 27 13 20,970
2018 06 27 13 30,891
2018 06 27 13 40,768
2018 06 27 13 50,655
2018 06 27 14 00,493
2018 06 27 14 10,343
2018 06 27 14 20,233
2018 06 27 14 30,185
2018 06 27 14 40,152
2018 06 27 14 50,155
2018 06 27 15 00,126
2018 06 27 15 10,123
2018 06 27 15 20,122
2018 06 27 15 30,111
2018 06 27 15 40,121
2018 06 27 15 50,131
2018 06 27 16 00,116
2018 06 27 16 10,105
2018 06 27 16 20,102
2018 06 27 16 30,105
2018 06 27 16 40,97
2018 06 27 16 50,97
2018 06 27 17 00,122
2018 06 27 17 10,134
2018 06 27 17 20,143
2018 06 27 17 30,161
2018 06 27 17 40,197
2018 06 27 17 50,262
2018 06 27 18 00,360
2018 06 27 18 10,426
2018 06 27 18 20,427
2018 06 27 18 30,437
2018 06 27 18 40,421
2018 06 27 18 50,403
2018 06 27 19 00,374
2018 06 27 19 10,324
2018 06 27 19 20,290
2018 06 27 19 30,257
2018 06 27 19 40,232
2018 06 27 19 50,218
2018 06 27 20 00,214
2018 06 27 20 10,201
2018 06 27 20 20,183
2018 06 27 20 30,161
2018 06 27 20 40,141
2018 06 27 20 50,97
2018 06 27 21 00,96
2018 06 27 21 10,103
2018 06 27 21 20,84
2018 06 27 21 30,67
2018 06 27 21 40,68
2018 06 27 21 50,41
2018 06 27 22 00,64
2018 06 27 22 10,58
2018 06 27 22 20,37
2018 06 27 22 30,39
2018 06 27 22 40,38
2018 06 27 22 50,34
2018 06 27 23 00,35
2018 06 27 23 10,41
2018 06 27 23 20,36
2018 06 27 23 30,36
2018 06 27 23 40,37
2018 06 27 23 50,44
2018 06 28 00 00,38
2018 06 28 00 10,31
2018 06 28 00 20,21
2018 06 28 00 30,17
2018 06 28 00 40,16
2018 06 28 00 50,7
2018 06 28 01 00,8
2018 06 28 01 10,7
2018 06 28 01 20,4
2018 06 28 01 30,3
2018 06 28 01 40,5
2018 06 28 01 50,2
2018 06 28 02 00,2
2018 06 28 02 10,3
2018 06 28 02 20,3
2018 06 28 02 30,4
2018 06 28 02 40,4
2018 06 28 02 50,0
2018 06 28 03 00,2
2018 06 28 03 10,1
2018 06 28 03 20,3
2018 06 28 03 30,2
2018 06 28 03 40,1
2018 06 28 03 50,1
2018 06 28 04 00,1
2018 06 28 04 10,2
2018 06 28 04 20,1
2018 06 28 04 30,0
2018 06 28 04 40,1
2018 06 28 04 50,0
2018 06 28 05 00,0
2018 06 28 05 10,2
2018 06 28 05 20,1
2018 06 28 05 30,0
2018 06 28 05 40,1
2018 06 28 05 50,2
2018 06 28 06 00,1
2018 06 28 06 10,2
2018 06 28 06 20,3
2018 06 28 06 30,5
2018 06 28 06 40,9
2018 06 28 06 50,11
2018 06 28 07 00,16
2018 06 28 07 10,18
2018 06 28 07 20,34
2018 06 28 07 30,52
2018 06 28 07 40,52
2018 06 28 07 50,73
2018 06 28 08 00,78
2018 06 28 08 10,89
2018 06 28 08 20,124
2018 06 28 08 30,162
2018 06 28 08 40,213
2018 06 28 08 50,264
2018 06 28 09 00,235
2018 06 28 09 10,179
2018 06 28 09 20,158
2018 06 28 09 30,175
2018 06 28 09 40,160
2018 06 28 09 50,139
2018 06 28 10 00,147
2018 06 28 10 10,141
2018 06 28 10 20,127
2018 06 28 10 30,131
2018 06 28 10 40,131
2018 06 28 10 50,107
2018 06 28 11 00,102
2018 06 28 11 10,98
2018 06 28 11 20,85
2018 06 28 11 30,131
2018 06 28 11 40,164
2018 06 28 11 50,251
2018 06 28 12 00,296
2018 06 28 12 10,450
2018 06 28 12 20,612
2018 06 28 12 30,649
2018 06 28 12 40,652
2018 06 28 12 50,738
2018 06 28 13 00,812
2018 06 28 13 10,884
2018 06 28 13 20,862
2018 06 28 13 30,813
2018 06 28 13 40,726
2018 06 28 13 50,643
2018 06 28 14 00,540
2018 06 28 14 10,390
2018 06 28 14 20,273
2018 06 28 14 30,187
2018 06 28 14 40,158
2018 06 28 14 50,168
2018 06 28 15 00,142
2018 06 28 15 10,133
2018 06 28 15 20,126
2018 06 28 15 30,111
2018 06 28 15 40,119
2018 06 28 15 50,130
2018 06 28 16 00,140
2018 06 28 16 10,146
2018 06 28 16 20,115
2018 06 28 16 30,113
2018 06 28 16 40,106
2018 06 28 16 50,123
2018 06 28 17 00,129
2018 06 28 17 10,114
2018 06 28 17 20,115
2018 06 28 17 30,130
2018 06 28 17 40,157
2018 06 28 17 50,242
2018 06 28 18 00,362
2018 06 28 18 10,378
2018 06 28 18 20,397
2018 06 28 18 30,387
2018 06 28 18 40,381
2018 06 28 18 50,382
2018 06 28 19 00,330
2018 06 28 19 10,290
2018 06 28 19 20,315
2018 06 28 19 30,307
2018 06 28 19 40,251
2018 06 28 19 50,237
2018 06 28 20 00,232
2018 06 28 20 10,215
2018 06 28 20 20,214
2018 06 28 20 30,180
2018 06 28 20 40,152
2018 06 28 20 50,123
2018 06 28 21 00,107
2018 06 28 21 10,97
2018 06 28 21 20,77
2018 06 28 21 30,50
2018 06 28 21 40,44
2018 06 28 21 50,46
2018 06 28 22 00,62
2018 06 28 22 10,58
2018 06 28 22 20,48
2018 06 28 22 30,34
2018 06 28 22 40,31
2018 06 28 22 50,25
2018 06 28 23 00,32
2018 06 28 23 10,26
2018 06 28 23 20,36
2018 06 28 23 30,32
2018 06 28 23 40,34
2018 06 28 23 50,27
2018 06 29 00 00,28
2018 06 29 00 10,21
2018 06 29 00 20,16
2018 06 29 00 30,10
2018 06 29 00 40,11
2018 06 29 00 50,8
2018 06 29 01 00,8
2018 06 29 01 10,11
2018 06 29 01 20,11
2018 06 29 01 30,8
2018 06 29 01 40,6
2018 06 29 01 50,5
2018 06 29 02 00,5
2018 06 29 02 10,3
2018 06 29 02 20,2
2018 06 29 02 30,2
2018 06 29 02 40,2
2018 06 29 02 50,0
2018 06 29 03 00,0
2018 06 29 03 10,0
2018 06 29 03 20,0
2018 06 29 03 30,3
2018 06 29 03 40,2
2018 06 29 03 50,1
2018 06 29 04 00,0
2018 06 29 04 10,2
2018 06 29 04 20,3
2018 06 29 04 30,0
2018 06 29 04 40,0
2018 06 29 04 50,0
2018 06 29 05 00,1
2018 06 29 05 10,0
2018 06 29 05 20,0
2018 06 29 05 30,0
2018 06 29 05 40,1
2018 06 29 05 50,1
2018 06 29 06 00,0
2018 06 29 06 10,2
2018 06 29 06 20,2
2018 06 29 06 30,5
2018 06 29 06 40,5
2018 06 29 06 50,9
2018 06 29 07 00,10
2018 06 29 07 10,19
2018 06 29 07 20,31
2018 06 29 07 30,36
2018 06 29 07 40,54
2018 06 29 07 50,78
2018 06 29 08 00,95
2018 06 29 08 10,104
2018 06 29 08 20,123
2018 06 29 08 30,143
2018 06 29 08 40,204
2018 06 29 08 50,296
2018 06 29 09 00,276
2018 06 29 09 10,214
2018 06 29 09 20,183
2018 06 29 09 30,153
2018 06 29 09 40,153
2018 06 29 09 50,171
2018 06 29 10 00,151
2018 06 29 10 10,123
2018 06 29 10 20,109
2018 06 29 10 30,102
2018 06 29 10 40,96
2018 06 29 10 50,92
2018 06 29 11 00,98
2018 06 29 11 10,87
2018 06 29 11 20,101
2018 06 29 11 30,122
2018 06 29 11 40,171
2018 06 29 11 50,240
2018 06 29 12 00,316
2018 06 29 12 10,380
2018 06 29 12 20,435
2018 06 29 12 30,483
2018 06 29 12 40,554
2018 06 29 12 50,732
2018 06 29 13 00,867
2018 06 29 13 10,890
2018 06 29 13 20,836
2018 06 29 13 30,821
2018 06 29 13 40,698
2018 06 29 13 50,617
2018 06 29 14 00,483
2018 06 29 14 10,331
2018 06 29 14 20,224
2018 06 29 14 30,183
2018 06 29 14 40,166
2018 06 29 14 50,157
2018 06 29 15 00,157
2018 06 29 15 10,129
2018 06 29 15 20,152
2018 06 29 15 30,169
2018 06 29 15 40,153
2018 06 29 15 50,138
2018 06 29 16 00,134
2018 06 29 16 10,133
2018 06 29 16 20,136
2018 06 29 16 30,102
2018 06 29 16 40,99
2018 06 29 16 50,101
2018 06 29 17 00,116
2018 06 29 17 10,106
2018 06 29 17 20,110
2018 06 29 17 30,121
2018 06 29 17 40,166
2018 06 29 17 50,245
2018 06 29 18 00,298
2018 06 29 18 10,313
2018 06 29 18 20,306
2018 06 29 18 30,346
2018 06 29 18 40,331
2018 06 29 18 50,330
2018 06 29 19 00,309
2018 06 29 19 10,315
2018 06 29 19 20,325
2018 06 29 19 30,277
2018 06 29 19 40,261
2018 06 29 19 50,227
2018 06 29 20 00,188
2018 06 29 20 10,184
2018 06 29 20 20,135
2018 06 29 20 30,119
2018 06 29 20 40,102
2018 06 29 20 50,103
2018 06 29 21 00,81
2018 06 29 21 10,89
2018 06 29 21 20,67
2018 06 29 21 30,42
2018 06 29 21 40,28
2018 06 29 21 50,37
2018 06 29 22 00,40
2018 06 29 22 10,39
2018 06 29 22 20,52
2018 06 29 22 30,51
2018 06 29 22 40,15
2018 06 29 22 50,28
2018 06 29 23 00,32
2018 06 29 23 10,26
2018 06 29 23 20,22
2018 06 29 23 30,26
2018 06 29 23 40,20
2018 06 29 23 50,17
2018 06 30 00 00,34
2018 06 30 00 10,27
2018 06 30 00 20,6
2018 06 30 00 30,3
2018 06 30 00 40,5
2018 06 30 00 50,7
2018 06 30 01 00,2
2018 06 30 01 10,2
2018 06 30 01 20,1
2018 06 30 01 30,0
2018 06 30 01 40,0
2018 06 30 01 50,2
2018 06 30 02 00,1
2018 06 30 02 10,0
2018 06 30 02 20,0
2018 06 30 02 30,1
2018 06 30 02 40,3
2018 06 30 02 50,4
2018 06 30 03 00,2
2018 06 30 03 10,2
2018 06 30 03 20,1
2018 06 30 03 30,0
2018 06 30 03 40,0
2018 06 30 03 50,0
2018 06 30 04 00,0
2018 06 30 04 10,3
2018 06 30 04 20,1
2018 06 30 04 30,0
2018 06 30 04 40,0
2018 06 30 04 50,1
2018 06 30 05 00,2
2018 06 30 05 10,2
2018 06 30 05 20,1
2018 06 30 05 30,1
2018 06 30 05 40,0
2018 06 30 05 50,2
2018 06 30 06 00,2
2018 06 30 06 10,7
2018 06 30 06 20,7
2018 06 30 06 30,5
2018 06 30 06 40,5
2018 06 30 06 50,4
2018 06 30 07 00,8
2018 06 30 07 10,14
2018 06 30 07 20,17
2018 06 30 07 30,30
2018 06 30 07 40,46
2018 06 30 07 50,62
2018 06 30 08 00,66
2018 06 30 08 10,84
2018 06 30 08 20,84
2018 06 30 08 30,102
2018 06 30 08 40,112
2018 06 30 08 50,118
2018 06 30 09 00,138
2018 06 30 09 10,127
2018 06 30 09 20,110
2018 06 30 09 30,99
2018 06 30 09 40,116
2018 06 30 09 50,124
2018 06 30 10 00,117
2018 06 30 10 10,88
2018 06 30 10 20,90
2018 06 30 10 30,93
2018 06 30 10 40,78
2018 06 30 10 50,90
2018 06 30 11 00,104
2018 06 30 11 10,87
2018 06 30 11 20,98
2018 06 30 11 30,115
2018 06 30 11 40,116
2018 06 30 11 50,154
2018 06 30 12 00,197
2018 06 30 12 10,253
2018 06 30 12 20,287
2018 06 30 12 30,322
2018 06 30 12 40,341
2018 06 30 12 50,416
2018 06 30 13 00,431
2018 06 30 13 10,396
2018 06 30 13 20,343
2018 06 30 13 30,290
2018 06 30 13 40,274
2018 06 30 13 50,252
2018 06 30 14 00,225
2018 06 30 14 10,206
2018 06 30 14 20,184
2018 06 30 14 30,166
2018 06 30 14 40,149
2018 06 30 14 50,133
2018 06 30 15 00,156
2018 06 30 15 10,168
2018 06 30 15 20,138
2018 06 30 15 30,133
2018 06 30 15 40,119
2018 06 30 15 50,103
2018 06 30 16 00,87
2018 06 30 16 10,89
2018 06 30 16 20,85
2018 06 30 16 30,66
2018 06 30 16 40,64
2018 06 30 16 50,53
2018 06 30 17 00,70
2018 06 30 17 10,80
2018 06 30 17 20,92
2018 06 30 17 30,89
2018 06 30 17 40,126
2018 06 30 17 50,165
2018 06 30 18 00,217
2018 06 30 18 10,245
2018 06 30 18 20,231
2018 06 30 18 30,207
2018 06 30 18 40,209
2018 06 30 18 50,195
2018 06 30 19 00,213
2018 06 30 19 10,260
2018 06 30 19 20,255
2018 06 30 19 30,214
2018 06 30 19 40,204
2018 06 30 19 50,169
2018 06 30 20 00,158
2018 06 30 20 10,163
2018 06 30 20 20,128
2018 06 30 20 30,101
2018 06 30 20 40,98
2018 06 30 20 50,90
2018 06 30 21 00,75
2018 06 30 21 10,72
2018 06 30 21 20,76
2018 06 30 21 30,78
2018 06 30 21 40,67
2018 06 30 21 50,58
2018 06 30 22 00,55
2018 06 30 22 10,47
2018 06 30 22 20,34
2018 06 30 22 30,42
2018 06 30 22 40,32
2018 06 30 22 50,25
2018 06 30 23 00,21
2018 06 30 23 10,20
2018 06 30 23 20,28
2018 06 30 23 30,30
2018 06 30 23 40,26
2018 06 30 23 50,27
2018 07 01 00 00,0
2018 07 01 00 10,16
2018 07 01 00 20,14
2018 07 01 00 30,10
2018 07 01 00 40,9
2018 07 01 00 50,5
2018 07 01 01 00,2
2018 07 01 01 10,6
2018 07 01 01 20,6
2018 07 01 01 30,7
2018 07 01 01 40,7
2018 07 01 01 50,5
2018 07 01 02 00,4
2018 07 01 02 10,4
2018 07 01 02 20,0
2018 07 01 02 30,0
2018 07 01 02 40,0
2018 07 01 02 50,0
2018 07 01 03 00,0
2018 07 01 03 10,1
2018 07 01 03 20,1
2018 07 01 03 30,0
2018 07 01 03 40,1
2018 07 01 03 50,0
2018 07 01 04 00,1
2018 07 01 04 10,0
2018 07 01 04 20,1
2018 07 01 04 30,2
2018 07 01 04 40,1
2018 07 01 04 50,4
2018 07 01 05 00,3
2018 07 01 05 10,0
2018 07 01 05 20,0
2018 07 01 05 30,0
2018 07 01 05 40,0
2018 07 01 05 50,1
2018 07 01 06 00,1
2018 07 01 06 10,2
2018 07 01 06 20,1
2018 07 01 06 30,1
2018 07 01 06 40,1
2018 07 01 06 50,2
2018 07 01 07 00,2
2018 07 01 07 10,2
2018 07 01 07 20,3
2018 07 01 07 30,14
2018 07 01 07 40,26
2018 07 01 07 50,39
2018 07 01 08 00,53
2018 07 01 08 10,60
2018 07 01 08 20,47
2018 07 01 08 30,37
2018 07 01 08 40,45
2018 07 01 08 50,57
2018 07 01 09 00,57
2018 07 01 09 10,63
2018 07 01 09 20,70
2018 07 01 09 30,101
2018 07 01 09 40,103
2018 07 01 09 50,91
2018 07 01 10 00,104
2018 07 01 10 10,99
2018 07 01 10 20,84
2018 07 01 10 30,65
2018 07 01 10 40,72
2018 07 01 10 50,82
2018 07 01 11 00,86
2018 07 01 11 10,78
2018 07 01 11 20,82
2018 07 01 11 30,81
2018 07 01 11 40,87
2018 07 01 11 50,96
2018 07 01 12 00,86
2018 07 01 12 10,132
2018 07 01 12 20,204
2018 07 01 12 30,218
2018 07 01 12 40,215
2018 07 01 12 50,256
2018 07 01 13 00,296
2018 07 01 13 10,266
2018 07 01 13 20,262
2018 07 01 13 30,251
2018 07 01 13 40,230
2018 07 01 13 50,210
2018 07 01 14 00,158
2018 07 01 14 10,155
2018 07 01 14 20,142
2018 07 01 14 30,128
2018 07 01 14 40,128
2018 07 01 14 50,104
2018 07 01 15 00,111
2018 07 01 15 10,96
2018 07 01 15 20,108
2018 07 01 15 30,93
2018 07 01 15 40,86
2018 07 01 15 50,82
2018 07 01 16 00,58
2018 07 01 16 10,43
2018 07 01 16 20,67
2018 07 01 16 30,59
2018 07 01 16 40,66
2018 07 01 16 50,57
2018 07 01 17 00,49
2018 07 01 17 10,53
2018 07 01 17 20,52
2018 07 01 17 30,76
2018 07 01 17 40,110
2018 07 01 17 50,153
2018 07 01 18 00,180
2018 07 01 18 10,213
2018 07 01 18 20,203
2018 07 01 18 30,209
2018 07 01 18 40,205
2018 07 01 18 50,190
2018 07 01 19 00,182
2018 07 01 19 10,180
2018 07 01 19 20,141
2018 07 01 19 30,150
2018 07 01 19 40,138
2018 07 01 19 50,147
2018 07 01 20 00,129
2018 07 01 20 10,133
2018 07 01 20 20,100
2018 07 01 20 30,93
2018 07 01 20 40,74
2018 07 01 20 50,66
2018 07 01 21 00,64
2018 07 01 21 10,44
2018 07 01 21 20,34
2018 07 01 21 30,18
2018 07 01 21 40,11
2018 07 01 21 50,17
2018 07 01 22 00,14
2018 07 01 22 10,11
2018 07 01 22 20,20
2018 07 01 22 30,17
2018 07 01 22 40,22
2018 07 01 22 50,15
2018 07 01 23 00,11
2018 07 01 23 10,9
2018 07 01 23 20,11
2018 07 01 23 30,7
2018 07 01 23 40,13
2018 07 01 23 50,9
2018 07 02 00 00,3
2018 07 02 00 10,7
2018 07 02 00 20,1
2018 07 02 00 30,4
2018 07 02 00 40,4
2018 07 02 00 50,2
2018 07 02 01 00,2
2018 07 02 01 10,5
2018 07 02 01 20,1
2018 07 02 01 30,5
2018 07 02 01 40,3
2018 07 02 01 50,1
2018 07 02 02 00,4
2018 07 02 02 10,1
2018 07 02 02 20,0
2018 07 02 02 30,0
2018 07 02 02 40,0
2018 07 02 02 50,0
2018 07 02 03 00,0
2018 07 02 03 10,0
2018 07 02 03 20,0
2018 07 02 03 30,0
2018 07 02 03 40,0
2018 07 02 03 50,1
2018 07 02 04 00,1
2018 07 02 04 10,0
2018 07 02 04 20,0
2018 07 02 04 30,0
2018 07 02 04 40,1
2018 07 02 04 50,0
2018 07 02 05 00,0
2018 07 02 05 10,0
2018 07 02 05 20,1
2018 07 02 05 30,0
2018 07 02 05 40,0
2018 07 02 05 50,0
2018 07 02 06 00,0
2018 07 02 06 10,0
2018 07 02 06 20,2
2018 07 02 06 30,2
2018 07 02 06 40,3
2018 07 02 06 50,5
2018 07 02 07 00,6
2018 07 02 07 10,5
2018 07 02 07 20,5
2018 07 02 07 30,10
2018 07 02 07 40,15
2018 07 02 07 50,21
2018 07 02 08 00,28
2018 07 02 08 10,38
2018 07 02 08 20,53
2018 07 02 08 30,54
2018 07 02 08 40,57
2018 07 02 08 50,64
2018 07 02 09 00,64
2018 07 02 09 10,65
2018 07 02 09 20,77
2018 07 02 09 30,80
2018 07 02 09 40,82
2018 07 02 09 50,91
2018 07 02 10 00,94
2018 07 02 10 10,76
2018 07 02 10 20,93
2018 07 02 10 30,90
2018 07 02 10 40,85
2018 07 02 10 50,81
2018 07 02 11 00,87
2018 07 02 11 10,111
2018 07 02 11 20,111
2018 07 02 11 30,98
2018 07 02 11 40,135
2018 07 02 11 50,153
2018 07 02 12 00,172
2018 07 02 12 10,215
2018 07 02 12 20,251
2018 07 02 12 30,281
2018 07 02 12 40,279
2018 07 02 12 50,310
2018 07 02 13 00,318
2018 07 02 13 10,283
2018 07 02 13 20,278
2018 07 02 13 30,256
2018 07 02 13 40,255
2018 07 02 13 50,234
2018 07 02 14 00,211
2018 07 02 14 10,182
2018 07 02 14 20,184
2018 07 02 14 30,150
2018 07 02 14 40,129
2018 07 02 14 50,116
2018 07 02 15 00,111
2018 07 02 15 10,114
2018 07 02 15 20,124
2018 07 02 15 30,118
2018 07 02 15 40,109
2018 07 02 15 50,93
2018 07 02 16 00,106
2018 07 02 16 10,92
2018 07 02 16 20,75
2018 07 02 16 30,96
2018 07 02 16 40,102
2018 07 02 16 50,104
2018 07 02 17 00,106
2018 07 02 17 10,84
2018 07 02 17 20,93
2018 07 02 17 30,111
2018 07 02 17 40,135
2018 07 02 17 50,168
2018 07 02 18 00,240
2018 07 02 18 10,251
2018 07 02 18 20,310
2018 07 02 18 30,349
2018 07 02 18 40,324
2018 07 02 18 50,317
2018 07 02 19 00,306
2018 07 02 19 10,289
2018 07 02 19 20,273
2018 07 02 19 30,268
2018 07 02 19 40,243
2018 07 02 19 50,221
2018 07 02 20 00,185
2018 07 02 20 10,174
2018 07 02 20 20,134
2018 07 02 20 30,135
2018 07 02 20 40,128
2018 07 02 20 50,114
2018 07 02 21 00,98
2018 07 02 21 10,69
2018 07 02 21 20,51
2018 07 02 21 30,57
2018 07 02 21 40,64
2018 07 02 21 50,56
2018 07 02 22 00,56
2018 07 02 22 10,57
2018 07 02 22 20,39
2018 07 02 22 30,49
2018 07 02 22 40,32
2018 07 02 22 50,20
2018 07 02 23 00,25
2018 07 02 23 10,30
2018 07 02 23 20,19
2018 07 02 23 30,22
2018 07 02 23 40,32
2018 07 02 23 50,27
2018 07 03 00 00,27
2018 07 03 00 10,20
2018 07 03 00 20,20
2018 07 03 00 30,11
2018 07 03 00 40,8
2018 07 03 00 50,7
2018 07 03 01 00,9
2018 07 03 01 10,9
2018 07 03 01 20,8
2018 07 03 01 30,7
2018 07 03 01 40,6
2018 07 03 01 50,6
2018 07 03 02 00,6
2018 07 03 02 10,6
2018 07 03 02 20,3
2018 07 03 02 30,0
2018 07 03 02 40,0
2018 07 03 02 50,0
2018 07 03 03 00,1
2018 07 03 03 10,0
2018 07 03 03 20,0
2018 07 03 03 30,1
2018 07 03 03 40,2
2018 07 03 03 50,2
2018 07 03 04 00,1
2018 07 03 04 10,1
2018 07 03 04 20,2
2018 07 03 04 30,1
2018 07 03 04 40,1
2018 07 03 04 50,2
2018 07 03 05 00,1
2018 07 03 05 10,0
2018 07 03 05 20,0
2018 07 03 05 30,0
2018 07 03 05 40,0
2018 07 03 05 50,0
2018 07 03 06 00,0
2018 07 03 06 10,1
2018 07 03 06 20,0
2018 07 03 06 30,1
2018 07 03 06 40,3
2018 07 03 06 50,3
2018 07 03 07 00,4
2018 07 03 07 10,14
2018 07 03 07 20,25
2018 07 03 07 30,52
2018 07 03 07 40,69
2018 07 03 07 50,69
2018 07 03 08 00,81
2018 07 03 08 10,103
2018 07 03 08 20,132
2018 07 03 08 30,149
2018 07 03 08 40,182
2018 07 03 08 50,213
2018 07 03 09 00,247
2018 07 03 09 10,179
2018 07 03 09 20,169
2018 07 03 09 30,159
2018 07 03 09 40,149
2018 07 03 09 50,151
2018 07 03 10 00,144
2018 07 03 10 10,137
2018 07 03 10 20,125
2018 07 03 10 30,119
2018 07 03 10 40,88
2018 07 03 10 50,86
2018 07 03 11 00,93
2018 07 03 11 10,81
2018 07 03 11 20,94
2018 07 03 11 30,105
2018 07 03 11 40,123
2018 07 03 11 50,199
2018 07 03 12 00,272
2018 07 03 12 10,341
2018 07 03 12 20,572
2018 07 03 12 30,647
2018 07 03 12 40,704
2018 07 03 12 50,816
2018 07 03 13 00,812
2018 07 03 13 10,857
2018 07 03 13 20,835
2018 07 03 13 30,772
2018 07 03 13 40,743
2018 07 03 13 50,646
2018 07 03 14 00,505
2018 07 03 14 10,354
2018 07 03 14 20,212
2018 07 03 14 30,195
2018 07 03 14 40,150
2018 07 03 14 50,152
2018 07 03 15 00,131
2018 07 03 15 10,128
2018 07 03 15 20,125
2018 07 03 15 30,116
2018 07 03 15 40,106
2018 07 03 15 50,118
2018 07 03 16 00,114
2018 07 03 16 10,106
2018 07 03 16 20,86
2018 07 03 16 30,98
2018 07 03 16 40,111
2018 07 03 16 50,101
2018 07 03 17 00,109
2018 07 03 17 10,129
2018 07 03 17 20,135
2018 07 03 17 30,172
2018 07 03 17 40,220
2018 07 03 17 50,340
2018 07 03 18 00,417
2018 07 03 18 10,480
2018 07 03 18 20,489
2018 07 03 18 30,444
2018 07 03 18 40,413
2018 07 03 18 50,383
2018 07 03 19 00,363
2018 07 03 19 10,358
2018 07 03 19 20,322
2018 07 03 19 30,299
2018 07 03 19 40,283
2018 07 03 19 50,249
2018 07 03 20 00,204
2018 07 03 20 10,169
2018 07 03 20 20,149
2018 07 03 20 30,149
2018 07 03 20 40,122
2018 07 03 20 50,121
2018 07 03 21 00,110
2018 07 03 21 10,65
2018 07 03 21 20,68
2018 07 03 21 30,55
2018 07 03 21 40,79
2018 07 03 21 50,95
2018 07 03 22 00,63
2018 07 03 22 10,45
2018 07 03 22 20,45
2018 07 03 22 30,45
2018 07 03 22 40,43
2018 07 03 22 50,38
2018 07 03 23 00,44
2018 07 03 23 10,46
2018 07 03 23 20,39
2018 07 03 23 30,38
2018 07 03 23 40,32
2018 07 03 23 50,34
2018 07 04 00 00,34
2018 07 04 00 10,21
2018 07 04 00 20,7
2018 07 04 00 30,3
2018 07 04 00 40,6
2018 07 04 00 50,7
2018 07 04 01 00,3
2018 07 04 01 10,1
2018 07 04 01 20,0
2018 07 04 01 30,1
2018 07 04 01 40,2
2018 07 04 01 50,1
2018 07 04 02 00,1
2018 07 04 02 10,1
2018 07 04 02 20,1
2018 07 04 02 30,0
2018 07 04 02 40,0
2018 07 04 02 50,1
2018 07 04 03 00,1
2018 07 04 03 10,0
2018 07 04 03 20,0
2018 07 04 03 30,0
2018 07 04 03 40,1
2018 07 04 03 50,2
2018 07 04 04 00,0
2018 07 04 04 10,1
2018 07 04 04 20,0
2018 07 04 04 30,0
2018 07 04 04 40,0
2018 07 04 04 50,1
2018 07 04 05 00,0
2018 07 04 05 10,0
2018 07 04 05 20,0
2018 07 04 05 30,1
2018 07 04 05 40,1
2018 07 04 05 50,0
2018 07 04 06 00,1
2018 07 04 06 10,0
2018 07 04 06 20,1
2018 07 04 06 30,1
2018 07 04 06 40,2
2018 07 04 06 50,5
2018 07 04 07 00,9
2018 07 04 07 10,16
2018 07 04 07 20,29
2018 07 04 07 30,47
2018 07 04 07 40,34
2018 07 04 07 50,58
2018 07 04 08 00,77
2018 07 04 08 10,106
2018 07 04 08 20,131
2018 07 04 08 30,163
2018 07 04 08 40,182
2018 07 04 08 50,226
2018 07 04 09 00,232
2018 07 04 09 10,202
2018 07 04 09 20,212
2018 07 04 09 30,200
2018 07 04 09 40,194
2018 07 04 09 50,184
2018 07 04 10 00,146
2018 07 04 10 10,94
2018 07 04 10 20,120
2018 07 04 10 30,127
2018 07 04 10 40,101
2018 07 04 10 50,83
2018 07 04 11 00,84
2018 07 04 11 10,91
2018 07 04 11 20,115
2018 07 04 11 30,134
2018 07 04 11 40,159
2018 07 04 11 50,211
2018 07 04 12 00,328
2018 07 04 12 10,395
2018 07 04 12 20,451
2018 07 04 12 30,510
2018 07 04 12 40,643
2018 07 04 12 50,730
2018 07 04 13 00,823
2018 07 04 13 10,882
2018 07 04 13 20,837
2018 07 04 13 30,761
2018 07 04 13 40,710
2018 07 04 13 50,615
2018 07 04 14 00,515
2018 07 04 14 10,337
2018 07 04 14 20,222
2018 07 04 14 30,183
2018 07 04 14 40,178
2018 07 04 14 50,148
2018 07 04 15 00,133
2018 07 04 15 10,138
2018 07 04 15 20,120
2018 07 04 15 30,113
2018 07 04 15 40,105
2018 07 04 15 50,107
2018 07 04 16 00,110
2018 07 04 16 10,107
2018 07 04 16 20,111
2018 07 04 16 30,109
2018 07 04 16 40,110
2018 07 04 16 50,139
2018 07 04 17 00,114
2018 07 04 17 10,100
2018 07 04 17 20,114
2018 07 04 17 30,156
2018 07 04 17 40,199
2018 07 04 17 50,286
2018 07 04 18 00,355
2018 07 04 18 10,385
2018 07 04 18 20,400
2018 07 04 18 30,412
2018 07 04 18 40,427
2018 07 04 18 50,409
2018 07 04 19 00,327
2018 07 04 19 10,297
2018 07 04 19 20,287
2018 07 04 19 30,240
2018 07 04 19 40,226
2018 07 04 19 50,198
2018 07 04 20 00,173
2018 07 04 20 10,169
2018 07 04 20 20,175
2018 07 04 20 30,183
2018 07 04 20 40,176
2018 07 04 20 50,156
2018 07 04 21 00,110
2018 07 04 21 10,106
2018 07 04 21 20,109
2018 07 04 21 30,64
2018 07 04 21 40,73
2018 07 04 21 50,87
2018 07 04 22 00,62
2018 07 04 22 10,44
2018 07 04 22 20,58
2018 07 04 22 30,57
2018 07 04 22 40,51
2018 07 04 22 50,64
2018 07 04 23 00,44
2018 07 04 23 10,33
2018 07 04 23 20,47
2018 07 04 23 30,50
2018 07 04 23 40,61
2018 07 04 23 50,66
2018 07 05 00 00,62
2018 07 05 00 10,36
2018 07 05 00 20,37
2018 07 05 00 30,24
2018 07 05 00 40,7
2018 07 05 00 50,8
2018 07 05 01 00,3
2018 07 05 01 10,6
2018 07 05 01 20,7
2018 07 05 01 30,7
2018 07 05 01 40,4
2018 07 05 01 50,3
2018 07 05 02 00,3
2018 07 05 02 10,2
2018 07 05 02 20,4
2018 07 05 02 30,3
2018 07 05 02 40,3
2018 07 05 02 50,0
2018 07 05 03 00,0
2018 07 05 03 10,1
2018 07 05 03 20,0
2018 07 05 03 30,1
2018 07 05 03 40,1
2018 07 05 03 50,0
2018 07 05 04 00,0
2018 07 05 04 10,0
2018 07 05 04 20,0
2018 07 05 04 30,0
2018 07 05 04 40,0
2018 07 05 04 50,0
2018 07 05 05 00,0
2018 07 05 05 10,1
2018 07 05 05 20,0
2018 07 05 05 30,0
2018 07 05 05 40,1
2018 07 05 05 50,2
2018 07 05 06 00,1
2018 07 05 06 10,0
2018 07 05 06 20,3
2018 07 05 06 30,2
2018 07 05 06 40,1
2018 07 05 06 50,7
2018 07 05 07 00,9
2018 07 05 07 10,15
2018 07 05 07 20,9
2018 07 05 07 30,41
2018 07 05 07 40,41
2018 07 05 07 50,66
2018 07 05 08 00,100
2018 07 05 08 10,115
2018 07 05 08 20,123
2018 07 05 08 30,169
2018 07 05 08 40,208
2018 07 05 08 50,249
2018 07 05 09 00,236
2018 07 05 09 10,205
2018 07 05 09 20,172
2018 07 05 09 30,170
2018 07 05 09 40,143
2018 07 05 09 50,138
2018 07 05 10 00,141
2018 07 05 10 10,144
2018 07 05 10 20,134
2018 07 05 10 30,111
2018 07 05 10 40,106
2018 07 05 10 50,122
2018 07 05 11 00,107
2018 07 05 11 10,100
2018 07 05 11 20,89
2018 07 05 11 30,86
2018 07 05 11 40,103
2018 07 05 11 50,147
2018 07 05 12 00,262
2018 07 05 12 10,319
2018 07 05 12 20,554
2018 07 05 12 30,642
2018 07 05 12 40,631
2018 07 05 12 50,762
2018 07 05 13 00,765
2018 07 05 13 10,760
2018 07 05 13 20,799
2018 07 05 13 30,727
2018 07 05 13 40,566
2018 07 05 13 50,489
2018 07 05 14 00,411
2018 07 05 14 10,307
2018 07 05 14 20,263
2018 07 05 14 30,198
2018 07 05 14 40,166
2018 07 05 14 50,152
2018 07 05 15 00,168
2018 07 05 15 10,154
2018 07 05 15 20,132
2018 07 05 15 30,116
2018 07 05 15 40,128
2018 07 05 15 50,125
2018 07 05 16 00,114
2018 07 05 16 10,99
2018 07 05 16 20,93
2018 07 05 16 30,87
2018 07 05 16 40,121
2018 07 05 16 50,119
2018 07 05 17 00,118
2018 07 05 17 10,125
2018 07 05 17 20,122
2018 07 05 17 30,135
2018 07 05 17 40,187
2018 07 05 17 50,259
2018 07 05 18 00,352
2018 07 05 18 10,415
2018 07 05 18 20,427
2018 07 05 18 30,423
2018 07 05 18 40,404
2018 07 05 18 50,375
2018 07 05 19 00,353
2018 07 05 19 10,293
2018 07 05 19 20,249
2018 07 05 19 30,248
2018 07 05 19 40,277
2018 07 05 19 50,258
2018 07 05 20 00,249
2018 07 05 20 10,197
2018 07 05 20 20,173
2018 07 05 20 30,165
2018 07 05 20 40,130
2018 07 05 20 50,112
2018 07 05 21 00,88
2018 07 05 21 10,106
2018 07 05 21 20,93
2018 07 05 21 30,79
2018 07 05 21 40,77
2018 07 05 21 50,83
2018 07 05 22 00,57
2018 07 05 22 10,64
2018 07 05 22 20,63
2018 07 05 22 30,60
2018 07 05 22 40,51
2018 07 05 22 50,39
2018 07 05 23 00,28
2018 07 05 23 10,46
2018 07 05 23 20,50
2018 07 05 23 30,53
2018 07 05 23 40,37
2018 07 05 23 50,34
2018 07 06 00 00,36
2018 07 06 00 10,26
2018 07 06 00 20,20
2018 07 06 00 30,11
2018 07 06 00 40,3
2018 07 06 00 50,7
2018 07 06 01 00,0
2018 07 06 01 10,9
2018 07 06 01 20,8
2018 07 06 01 30,2
2018 07 06 01 40,4
2018 07 06 01 50,7
2018 07 06 02 00,7
2018 07 06 02 10,6
2018 07 06 02 20,4
2018 07 06 02 30,2
2018 07 06 02 40,5
2018 07 06 02 50,5
2018 07 06 03 00,2
2018 07 06 03 10,4
2018 07 06 03 20,3
2018 07 06 03 30,2
2018 07 06 03 40,1
2018 07 06 03 50,1
2018 07 06 04 00,1
2018 07 06 04 10,2
2018 07 06 04 20,1
2018 07 06 04 30,0
2018 07 06 04 40,0
2018 07 06 04 50,0
2018 07 06 05 00,2
2018 07 06 05 10,0
2018 07 06 05 20,0
2018 07 06 05 30,0
2018 07 06 05 40,0
2018 07 06 05 50,1
2018 07 06 06 00,1
2018 07 06 06 10,1
2018 07 06 06 20,1
2018 07 06 06 30,2
2018 07 06 06 40,2
2018 07 06 06 50,6
2018 07 06 07 00,8
2018 07 06 07 10,12
2018 07 06 07 20,19
2018 07 06 07 30,49
2018 07 06 07 40,49
2018 07 06 07 50,84
2018 07 06 08 00,96
2018 07 06 08 10,118
2018 07 06 08 20,135
2018 07 06 08 30,170
2018 07 06 08 40,193
2018 07 06 08 50,243
2018 07 06 09 00,256
2018 07 06 09 10,184
2018 07 06 09 20,155
2018 07 06 09 30,158
2018 07 06 09 40,160
2018 07 06 09 50,184
2018 07 06 10 00,198
2018 07 06 10 10,135
2018 07 06 10 20,105
2018 07 06 10 30,91
2018 07 06 10 40,73
2018 07 06 10 50,79
2018 07 06 11 00,68
2018 07 06 11 10,66
2018 07 06 11 20,86
2018 07 06 11 30,93
2018 07 06 11 40,143
2018 07 06 11 50,214
2018 07 06 12 00,316
2018 07 06 12 10,390
2018 07 06 12 20,434
2018 07 06 12 30,520
2018 07 06 12 40,570
2018 07 06 12 50,688
2018 07 06 13 00,811
2018 07 06 13 10,850
2018 07 06 13 20,916
2018 07 06 13 30,846
2018 07 06 13 40,718
2018 07 06 13 50,618
2018 07 06 14 00,492
2018 07 06 14 10,370
2018 07 06 14 20,240
2018 07 06 14 30,191
2018 07 06 14 40,161
2018 07 06 14 50,157
2018 07 06 15 00,165
2018 07 06 15 10,149
2018 07 06 15 20,128
2018 07 06 15 30,118
2018 07 06 15 40,140
2018 07 06 15 50,124
2018 07 06 16 00,109
2018 07 06 16 10,94
2018 07 06 16 20,106
2018 07 06 16 30,115
2018 07 06 16 40,105
2018 07 06 16 50,120
2018 07 06 17 00,115
2018 07 06 17 10,136
2018 07 06 17 20,134
2018 07 06 17 30,145
2018 07 06 17 40,155
2018 07 06 17 50,236
2018 07 06 18 00,287
2018 07 06 18 10,338
2018 07 06 18 20,370
2018 07 06 18 30,360
2018 07 06 18 40,345
2018 07 06 18 50,335
2018 07 06 19 00,308
2018 07 06 19 10,253
2018 07 06 19 20,225
2018 07 06 19 30,245
2018 07 06 19 40,225
2018 07 06 19 50,165
2018 07 06 20 00,161
2018 07 06 20 10,135
2018 07 06 20 20,117
2018 07 06 20 30,123
2018 07 06 20 40,118
2018 07 06 20 50,87
2018 07 06 21 00,72
2018 07 06 21 10,96
2018 07 06 21 20,81
2018 07 06 21 30,61
2018 07 06 21 40,51
2018 07 06 21 50,55
2018 07 06 22 00,58
2018 07 06 22 10,44
2018 07 06 22 20,47
2018 07 06 22 30,41
2018 07 06 22 40,38
2018 07 06 22 50,43
2018 07 06 23 00,33
2018 07 06 23 10,37
2018 07 06 23 20,39
2018 07 06 23 30,36
2018 07 06 23 40,37
2018 07 06 23 50,32
2018 07 07 00 00,23
2018 07 07 00 10,22
2018 07 07 00 20,15
2018 07 07 00 30,5
2018 07 07 00 40,4
2018 07 07 00 50,3
2018 07 07 01 00,3
2018 07 07 01 10,4
2018 07 07 01 20,4
2018 07 07 01 30,3
2018 07 07 01 40,3
2018 07 07 01 50,6
2018 07 07 02 00,1
2018 07 07 02 10,2
2018 07 07 02 20,2
2018 07 07 02 30,2
2018 07 07 02 40,2
2018 07 07 02 50,5
2018 07 07 03 00,2
2018 07 07 03 10,2
2018 07 07 03 20,1
2018 07 07 03 30,2
2018 07 07 03 40,1
2018 07 07 03 50,1
2018 07 07 04 00,1
2018 07 07 04 10,1
2018 07 07 04 20,2
2018 07 07 04 30,1
2018 07 07 04 40,1
2018 07 07 04 50,3
2018 07 07 05 00,2
2018 07 07 05 10,1
2018 07 07 05 20,2
2018 07 07 05 30,2
2018 07 07 05 40,1
2018 07 07 05 50,1
2018 07 07 06 00,2
2018 07 07 06 10,4
2018 07 07 06 20,2
2018 07 07 06 30,2
2018 07 07 06 40,2
2018 07 07 06 50,6
2018 07 07 07 00,9
2018 07 07 07 10,20
2018 07 07 07 20,37
2018 07 07 07 30,60
2018 07 07 07 40,43
2018 07 07 07 50,54
2018 07 07 08 00,56
2018 07 07 08 10,60
2018 07 07 08 20,84
2018 07 07 08 30,84
2018 07 07 08 40,83
2018 07 07 08 50,96
2018 07 07 09 00,94
2018 07 07 09 10,77
2018 07 07 09 20,73
2018 07 07 09 30,80
2018 07 07 09 40,77
2018 07 07 09 50,79
2018 07 07 10 00,104
2018 07 07 10 10,77
2018 07 07 10 20,81
2018 07 07 10 30,83
2018 07 07 10 40,93
2018 07 07 10 50,77
2018 07 07 11 00,79
2018 07 07 11 10,83
2018 07 07 11 20,85
2018 07 07 11 30,112
2018 07 07 11 40,130
2018 07 07 11 50,152
2018 07 07 12 00,185
2018 07 07 12 10,204
2018 07 07 12 20,261
2018 07 07 12 30,267
2018 07 07 12 40,324
2018 07 07 12 50,348
2018 07 07 13 00,344
2018 07 07 13 10,336
2018 07 07 13 20,353
2018 07 07 13 30,315
2018 07 07 13 40,297
2018 07 07 13 50,247
2018 07 07 14 00,234
2018 07 07 14 10,203
2018 07 07 14 20,174
2018 07 07 14 30,165
2018 07 07 14 40,150
2018 07 07 14 50,146
2018 07 07 15 00,131
2018 07 07 15 10,120
2018 07 07 15 20,102
2018 07 07 15 30,99
2018 07 07 15 40,104
2018 07 07 15 50,112
2018 07 07 16 00,110
2018 07 07 16 10,107
2018 07 07 16 20,88
2018 07 07 16 30,89
2018 07 07 16 40,74
2018 07 07 16 50,68
2018 07 07 17 00,79
2018 07 07 17 10,72
2018 07 07 17 20,81
2018 07 07 17 30,86
2018 07 07 17 40,110
2018 07 07 17 50,154
2018 07 07 18 00,184
2018 07 07 18 10,231
2018 07 07 18 20,234
2018 07 07 18 30,236
2018 07 07 18 40,196
2018 07 07 18 50,217
2018 07 07 19 00,238
2018 07 07 19 10,251
2018 07 07 19 20,233
2018 07 07 19 30,225
2018 07 07 19 40,206
2018 07 07 19 50,181
2018 07 07 20 00,164
2018 07 07 20 10,142
2018 07 07 20 20,127
2018 07 07 20 30,114
2018 07 07 20 40,102
2018 07 07 20 50,67
2018 07 07 21 00,63
2018 07 07 21 10,69
2018 07 07 21 20,77
2018 07 07 21 30,68
2018 07 07 21 40,69
2018 07 07 21 50,61
2018 07 07 22 00,69
2018 07 07 22 10,47
2018 07 07 22 20,44
2018 07 07 22 30,52
2018 07 07 22 40,50
2018 07 07 22 50,33
2018 07 07 23 00,37
2018 07 07 23 10,39
2018 07 07 23 20,31
2018 07 07 23 30,29
2018 07 07 23 40,24
2018 07 07 23 50,28
2018 07 08 00 00,25
2018 07 08 00 10,18
2018 07 08 00 20,21
2018 07 08 00 30,12
2018 07 08 00 40,12
2018 07 08 00 50,11
2018 07 08 01 00,15
2018 07 08 01 10,11
2018 07 08 01 20,9
2018 07 08 01 30,9
2018 07 08 01 40,7
2018 07 08 01 50,3
2018 07 08 02 00,3
2018 07 08 02 10,3
2018 07 08 02 20,1
2018 07 08 02 30,1
2018 07 08 02 40,1
2018 07 08 02 50,1
2018 07 08 03 00,1
2018 07 08 03 10,1
2018 07 08 03 20,0
2018 07 08 03 30,1
2018 07 08 03 40,1
2018 07 08 03 50,2
2018 07 08 04 00,1
2018 07 08 04 10,0
2018 07 08 04 20,0
2018 07 08 04 30,0
2018 07 08 04 40,0
2018 07 08 04 50,1
2018 07 08 05 00,0
2018 07 08 05 10,1
2018 07 08 05 20,0
2018 07 08 05 30,0
2018 07 08 05 40,0
2018 07 08 05 50,0
2018 07 08 06 00,1
2018 07 08 06 10,2
2018 07 08 06 20,2
2018 07 08 06 30,2
2018 07 08 06 40,5
2018 07 08 06 50,3
2018 07 08 07 00,3
2018 07 08 07 10,11
2018 07 08 07 20,11
2018 07 08 07 30,18
2018 07 08 07 40,21
2018 07 08 07 50,24
2018 07 08 08 00,22
2018 07 08 08 10,16
2018 07 08 08 20,28
2018 07 08 08 30,32
2018 07 08 08 40,48
2018 07 08 08 50,45
2018 07 08 09 00,45
2018 07 08 09 10,2
2018 07 08 09 20,67
2018 07 08 09 30,80
2018 07 08 09 40,84
2018 07 08 09 50,75
2018 07 08 10 00,73
2018 07 08 10 10,69
2018 07 08 10 20,75
2018 07 08 10 30,86
2018 07 08 10 40,78
2018 07 08 10 50,91
2018 07 08 11 00,100
2018 07 08 11 10,96
2018 07 08 11 20,84
2018 07 08 11 30,98
2018 07 08 11 40,115
2018 07 08 11 50,126
2018 07 08 12 00,151
2018 07 08 12 10,195
2018 07 08 12 20,187
2018 07 08 12 30,213
2018 07 08 12 40,246
2018 07 08 12 50,279
2018 07 08 13 00,311
2018 07 08 13 10,310
2018 07 08 13 20,288
2018 07 08 13 30,299
2018 07 08 13 40,296
2018 07 08 13 50,251
2018 07 08 14 00,217
2018 07 08 14 10,177
2018 07 08 14 20,145
2018 07 08 14 30,155
2018 07 08 14 40,167
2018 07 08 14 50,157
2018 07 08 15 00,141
2018 07 08 15 10,141
2018 07 08 15 20,120
2018 07 08 15 30,102
2018 07 08 15 40,97
2018 07 08 15 50,86
2018 07 08 16 00,87
2018 07 08 16 10,81
2018 07 08 16 20,77
2018 07 08 16 30,62
2018 07 08 16 40,61
2018 07 08 16 50,75
2018 07 08 17 00,70
2018 07 08 17 10,68
2018 07 08 17 20,88
2018 07 08 17 30,90
2018 07 08 17 40,101
2018 07 08 17 50,132
2018 07 08 18 00,192
2018 07 08 18 10,213
2018 07 08 18 20,245
2018 07 08 18 30,237
2018 07 08 18 40,217
2018 07 08 18 50,253
2018 07 08 19 00,289
2018 07 08 19 10,300
2018 07 08 19 20,284
2018 07 08 19 30,261
2018 07 08 19 40,226
2018 07 08 19 50,213
2018 07 08 20 00,183
2018 07 08 20 10,185
2018 07 08 20 20,186
2018 07 08 20 30,145
2018 07 08 20 40,114
2018 07 08 20 50,126
2018 07 08 21 00,87
2018 07 08 21 10,72
2018 07 08 21 20,66
2018 07 08 21 30,81
2018 07 08 21 40,57
2018 07 08 21 50,55
2018 07 08 22 00,64
2018 07 08 22 10,55
2018 07 08 22 20,43
2018 07 08 22 30,45
2018 07 08 22 40,32
2018 07 08 22 50,27
2018 07 08 23 00,33
2018 07 08 23 10,40
2018 07 08 23 20,52
2018 07 08 23 30,41
2018 07 08 23 40,39
2018 07 08 23 50,26
2018 07 09 00 00,21
2018 07 09 00 10,11
2018 07 09 00 20,12
2018 07 09 00 30,5
2018 07 09 00 40,1
2018 07 09 00 50,3
2018 07 09 01 00,5
2018 07 09 01 10,1
2018 07 09 01 20,0
2018 07 09 01 30,2
2018 07 09 01 40,1
2018 07 09 01 50,1
2018 07 09 02 00,2
2018 07 09 02 10,1
2018 07 09 02 20,0
2018 07 09 02 30,0
2018 07 09 02 40,1
2018 07 09 02 50,0
2018 07 09 03 00,0
2018 07 09 03 10,0
2018 07 09 03 20,0
2018 07 09 03 30,0
2018 07 09 03 40,0
2018 07 09 03 50,0
2018 07 09 04 00,1
2018 07 09 04 10,2
2018 07 09 04 20,2
2018 07 09 04 30,1
2018 07 09 04 40,1
2018 07 09 04 50,1
2018 07 09 05 00,1
2018 07 09 05 10,1
2018 07 09 05 20,2
2018 07 09 05 30,2
2018 07 09 05 40,1
2018 07 09 05 50,2
2018 07 09 06 00,2
2018 07 09 06 10,3
2018 07 09 06 20,4
2018 07 09 06 30,6
2018 07 09 06 40,6
2018 07 09 06 50,10
2018 07 09 07 00,8
2018 07 09 07 10,18
2018 07 09 07 20,24
2018 07 09 07 30,46
2018 07 09 07 40,75
2018 07 09 07 50,75
2018 07 09 08 00,89
2018 07 09 08 10,109
2018 07 09 08 20,137
2018 07 09 08 30,172
2018 07 09 08 40,202
2018 07 09 08 50,265
2018 07 09 09 00,284
2018 07 09 09 10,222
2018 07 09 09 20,183
2018 07 09 09 30,174
2018 07 09 09 40,167
2018 07 09 09 50,157
2018 07 09 10 00,141
2018 07 09 10 10,113
2018 07 09 10 20,110
2018 07 09 10 30,118
2018 07 09 10 40,113
2018 07 09 10 50,94
2018 07 09 11 00,90
2018 07 09 11 10,97
2018 07 09 11 20,98
2018 07 09 11 30,128
2018 07 09 11 40,149
2018 07 09 11 50,219
2018 07 09 12 00,268
2018 07 09 12 10,352
2018 07 09 12 20,428
2018 07 09 12 30,536
2018 07 09 12 40,634
2018 07 09 12 50,723
2018 07 09 13 00,795
2018 07 09 13 10,891
2018 07 09 13 20,913
2018 07 09 13 30,812
2018 07 09 13 40,732
2018 07 09 13 50,635
2018 07 09 14 00,522
2018 07 09 14 10,371
2018 07 09 14 20,218
2018 07 09 14 30,176
2018 07 09 14 40,135
2018 07 09 14 50,120
2018 07 09 15 00,133
2018 07 09 15 10,124
2018 07 09 15 20,132
2018 07 09 15 30,124
2018 07 09 15 40,118
2018 07 09 15 50,86
2018 07 09 16 00,86
2018 07 09 16 10,113
2018 07 09 16 20,102
2018 07 09 16 30,87
2018 07 09 16 40,81
2018 07 09 16 50,89
2018 07 09 17 00,85
2018 07 09 17 10,126
2018 07 09 17 20,148
2018 07 09 17 30,161
2018 07 09 17 40,202
2018 07 09 17 50,273
2018 07 09 18 00,391
2018 07 09 18 10,400
2018 07 09 18 20,406
2018 07 09 18 30,433
2018 07 09 18 40,420
2018 07 09 18 50,423
2018 07 09 19 00,375
2018 07 09 19 10,358
2018 07 09 19 20,332
2018 07 09 19 30,313
2018 07 09 19 40,285
2018 07 09 19 50,269
2018 07 09 20 00,248
2018 07 09 20 10,212
2018 07 09 20 20,192
2018 07 09 20 30,137
2018 07 09 20 40,96
2018 07 09 20 50,95
2018 07 09 21 00,96
2018 07 09 21 10,102
2018 07 09 21 20,102
2018 07 09 21 30,59
2018 07 09 21 40,50
2018 07 09 21 50,52
2018 07 09 22 00,59
2018 07 09 22 10,45
2018 07 09 22 20,59
2018 07 09 22 30,60
2018 07 09 22 40,39
2018 07 09 22 50,48
2018 07 09 23 00,54
2018 07 09 23 10,60
2018 07 09 23 20,71
2018 07 09 23 30,73
2018 07 09 23 40,70
2018 07 09 23 50,60
2018 07 10 00 00,56
2018 07 10 00 10,46
2018 07 10 00 20,27
2018 07 10 00 30,19
2018 07 10 00 40,17
2018 07 10 00 50,17
2018 07 10 01 00,13
2018 07 10 01 10,11
2018 07 10 01 20,14
2018 07 10 01 30,11
2018 07 10 01 40,6
2018 07 10 01 50,7
2018 07 10 02 00,4
2018 07 10 02 10,5
2018 07 10 02 20,3
2018 07 10 02 30,2
2018 07 10 02 40,2
2018 07 10 02 50,3
2018 07 10 03 00,2
2018 07 10 03 10,3
2018 07 10 03 20,3
2018 07 10 03 30,4
2018 07 10 03 40,2
2018 07 10 03 50,2
2018 07 10 04 00,2
2018 07 10 04 10,2
2018 07 10 04 20,2
2018 07 10 04 30,3
2018 07 10 04 40,2
2018 07 10 04 50,2
2018 07 10 05 00,2
2018 07 10 05 10,2
2018 07 10 05 20,3
2018 07 10 05 30,2
2018 07 10 05 40,4
2018 07 10 05 50,3
2018 07 10 06 00,6
2018 07 10 06 10,5
2018 07 10 06 20,4
2018 07 10 06 30,3
2018 07 10 06 40,5
2018 07 10 06 50,8
2018 07 10 07 00,13
2018 07 10 07 10,16
2018 07 10 07 20,27
2018 07 10 07 30,57
2018 07 10 07 40,85
2018 07 10 07 50,85
2018 07 10 08 00,108
2018 07 10 08 10,114
2018 07 10 08 20,160
2018 07 10 08 30,207
2018 07 10 08 40,251
2018 07 10 08 50,303
2018 07 10 09 00,278
2018 07 10 09 10,258
2018 07 10 09 20,210
2018 07 10 09 30,202
2018 07 10 09 40,165
2018 07 10 09 50,152
2018 07 10 10 00,158
2018 07 10 10 10,134
2018 07 10 10 20,124
2018 07 10 10 30,103
2018 07 10 10 40,122
2018 07 10 10 50,159
2018 07 10 11 00,146
2018 07 10 11 10,117
2018 07 10 11 20,111
2018 07 10 11 30,136
2018 07 10 11 40,150
2018 07 10 11 50,210
2018 07 10 12 00,335
2018 07 10 12 10,391
2018 07 10 12 20,464
2018 07 10 12 30,584
2018 07 10 12 40,636
2018 07 10 12 50,787
2018 07 10 13 00,890
2018 07 10 13 10,920
2018 07 10 13 20,836
2018 07 10 13 30,783
2018 07 10 13 40,679
2018 07 10 13 50,619
2018 07 10 14 00,508
2018 07 10 14 10,387
2018 07 10 14 20,235
2018 07 10 14 30,188
2018 07 10 14 40,154
2018 07 10 14 50,119
2018 07 10 15 00,131
2018 07 10 15 10,123
2018 07 10 15 20,151
2018 07 10 15 30,179
2018 07 10 15 40,133
2018 07 10 15 50,133
2018 07 10 16 00,132
2018 07 10 16 10,118
2018 07 10 16 20,136
2018 07 10 16 30,136
2018 07 10 16 40,124
2018 07 10 16 50,117
2018 07 10 17 00,114
2018 07 10 17 10,157
2018 07 10 17 20,175
2018 07 10 17 30,185
2018 07 10 17 40,221
2018 07 10 17 50,281
2018 07 10 18 00,353
2018 07 10 18 10,466
2018 07 10 18 20,448
2018 07 10 18 30,456
2018 07 10 18 40,462
2018 07 10 18 50,465
2018 07 10 19 00,399
2018 07 10 19 10,413
2018 07 10 19 20,378
2018 07 10 19 30,348
2018 07 10 19 40,344
2018 07 10 19 50,355
2018 07 10 20 00,311
2018 07 10 20 10,311
2018 07 10 20 20,251
2018 07 10 20 30,234
2018 07 10 20 40,175
2018 07 10 20 50,151
2018 07 10 21 00,94
2018 07 10 21 10,133
2018 07 10 21 20,89
2018 07 10 21 30,71
2018 07 10 21 40,65
2018 07 10 21 50,65
2018 07 10 22 00,42
2018 07 10 22 10,64
2018 07 10 22 20,81
2018 07 10 22 30,67
2018 07 10 22 40,54
2018 07 10 22 50,48
2018 07 10 23 00,41
2018 07 10 23 10,51
2018 07 10 23 20,46
2018 07 10 23 30,44
2018 07 10 23 40,64
2018 07 10 23 50,65
2018 07 11 00 00,49
2018 07 11 00 10,26
2018 07 11 00 20,27
2018 07 11 00 30,16
2018 07 11 00 40,9
2018 07 11 00 50,9
2018 07 11 01 00,12
2018 07 11 01 10,8
2018 07 11 01 20,1
2018 07 11 01 30,5
2018 07 11 01 40,9
2018 07 11 01 50,6
2018 07 11 02 00,1
2018 07 11 02 10,1
2018 07 11 02 20,0
2018 07 11 02 30,0
2018 07 11 02 40,2
2018 07 11 02 50,1
2018 07 11 03 00,0
2018 07 11 03 10,0
2018 07 11 03 20,1
2018 07 11 03 30,1
2018 07 11 03 40,1
2018 07 11 03 50,1
2018 07 11 04 00,1
2018 07 11 04 10,7
2018 07 11 04 20,6
2018 07 11 04 30,3
2018 07 11 04 40,1
2018 07 11 04 50,2
2018 07 11 05 00,2
2018 07 11 05 10,1
2018 07 11 05 20,2
2018 07 11 05 30,1
2018 07 11 05 40,1
2018 07 11 05 50,0
2018 07 11 06 00,0
2018 07 11 06 10,0
2018 07 11 06 20,2
2018 07 11 06 30,5
2018 07 11 06 40,10
2018 07 11 06 50,7
2018 07 11 07 00,7
2018 07 11 07 10,16
2018 07 11 07 20,29
2018 07 11 07 30,46
2018 07 11 07 40,69
2018 07 11 07 50,69
2018 07 11 08 00,95
2018 07 11 08 10,110
2018 07 11 08 20,133
2018 07 11 08 30,203
2018 07 11 08 40,238
2018 07 11 08 50,302
2018 07 11 09 00,275
2018 07 11 09 10,218
2018 07 11 09 20,167
2018 07 11 09 30,155
2018 07 11 09 40,158
2018 07 11 09 50,176
2018 07 11 10 00,185
2018 07 11 10 10,136
2018 07 11 10 20,116
2018 07 11 10 30,100
2018 07 11 10 40,96
2018 07 11 10 50,87
2018 07 11 11 00,86
2018 07 11 11 10,84
2018 07 11 11 20,112
2018 07 11 11 30,134
2018 07 11 11 40,188
2018 07 11 11 50,280
2018 07 11 12 00,329
2018 07 11 12 10,387
2018 07 11 12 20,460
2018 07 11 12 30,562
2018 07 11 12 40,732
2018 07 11 12 50,816
2018 07 11 13 00,928
2018 07 11 13 10,973
2018 07 11 13 20,927
2018 07 11 13 30,849
2018 07 11 13 40,723
2018 07 11 13 50,617
2018 07 11 14 00,457
2018 07 11 14 10,330
2018 07 11 14 20,202
2018 07 11 14 30,159
2018 07 11 14 40,126
2018 07 11 14 50,133
2018 07 11 15 00,151
2018 07 11 15 10,135
2018 07 11 15 20,134
2018 07 11 15 30,109
2018 07 11 15 40,118
2018 07 11 15 50,162
2018 07 11 16 00,158
2018 07 11 16 10,160
2018 07 11 16 20,137
2018 07 11 16 30,138
2018 07 11 16 40,104
2018 07 11 16 50,87
2018 07 11 17 00,115
2018 07 11 17 10,145
2018 07 11 17 20,194
2018 07 11 17 30,220
2018 07 11 17 40,217
2018 07 11 17 50,267
2018 07 11 18 00,364
2018 07 11 18 10,424
2018 07 11 18 20,441
2018 07 11 18 30,439
2018 07 11 18 40,458
2018 07 11 18 50,443
2018 07 11 19 00,453
2018 07 11 19 10,368
2018 07 11 19 20,350
2018 07 11 19 30,321
2018 07 11 19 40,281
2018 07 11 19 50,230
2018 07 11 20 00,231
2018 07 11 20 10,196
2018 07 11 20 20,189
2018 07 11 20 30,188
2018 07 11 20 40,154
2018 07 11 20 50,135
2018 07 11 21 00,118
2018 07 11 21 10,119
2018 07 11 21 20,102
2018 07 11 21 30,68
2018 07 11 21 40,64
2018 07 11 21 50,61
2018 07 11 22 00,64
2018 07 11 22 10,73
2018 07 11 22 20,75
2018 07 11 22 30,60
2018 07 11 22 40,58
2018 07 11 22 50,61
2018 07 11 23 00,42
2018 07 11 23 10,60
2018 07 11 23 20,61
2018 07 11 23 30,64
2018 07 11 23 40,53
2018 07 11 23 50,41
2018 07 12 00 00,28
2018 07 12 00 10,38
2018 07 12 00 20,22
2018 07 12 00 30,27
2018 07 12 00 40,17
2018 07 12 00 50,13
2018 07 12 01 00,13
2018 07 12 01 10,13
2018 07 12 01 20,4
2018 07 12 01 30,4
2018 07 12 01 40,5
2018 07 12 01 50,5
2018 07 12 02 00,1
2018 07 12 02 10,1
2018 07 12 02 20,3
2018 07 12 02 30,9
2018 07 12 02 40,5
2018 07 12 02 50,3
2018 07 12 03 00,2
2018 07 12 03 10,0
2018 07 12 03 20,0
2018 07 12 03 30,2
2018 07 12 03 40,5
2018 07 12 03 50,1
2018 07 12 04 00,2
2018 07 12 04 10,2
2018 07 12 04 20,0
2018 07 12 04 30,1
2018 07 12 04 40,0
2018 07 12 04 50,4
2018 07 12 05 00,2
2018 07 12 05 10,1
2018 07 12 05 20,1
2018 07 12 05 30,1
2018 07 12 05 40,7
2018 07 12 05 50,10
2018 07 12 06 00,3
2018 07 12 06 10,1
2018 07 12 06 20,2
2018 07 12 06 30,4
2018 07 12 06 40,5
2018 07 12 06 50,10
2018 07 12 07 00,15
2018 07 12 07 10,19
2018 07 12 07 20,38
2018 07 12 07 30,61
2018 07 12 07 40,89
2018 07 12 07 50,89
2018 07 12 08 00,110
2018 07 12 08 10,118
2018 07 12 08 20,137
2018 07 12 08 30,187
2018 07 12 08 40,214
2018 07 12 08 50,269
2018 07 12 09 00,257
2018 07 12 09 10,215
2018 07 12 09 20,157
2018 07 12 09 30,166
2018 07 12 09 40,158
2018 07 12 09 50,137
2018 07 12 10 00,138
2018 07 12 10 10,139
2018 07 12 10 20,131
2018 07 12 10 30,115
2018 07 12 10 40,106
2018 07 12 10 50,104
2018 07 12 11 00,118
2018 07 12 11 10,102
2018 07 12 11 20,114
2018 07 12 11 30,110
2018 07 12 11 40,141
2018 07 12 11 50,239
2018 07 12 12 00,292
2018 07 12 12 10,478
2018 07 12 12 20,583
2018 07 12 12 30,668
2018 07 12 12 40,710
2018 07 12 12 50,773
2018 07 12 13 00,818
2018 07 12 13 10,859
2018 07 12 13 20,862
2018 07 12 13 30,789
2018 07 12 13 40,691
2018 07 12 13 50,644
2018 07 12 14 00,568
2018 07 12 14 10,400
2018 07 12 14 20,250
2018 07 12 14 30,185
2018 07 12 14 40,170
2018 07 12 14 50,161
2018 07 12 15 00,132
2018 07 12 15 10,146
2018 07 12 15 20,161
2018 07 12 15 30,133
2018 07 12 15 40,124
2018 07 12 15 50,137
2018 07 12 16 00,129
2018 07 12 16 10,124
2018 07 12 16 20,138
2018 07 12 16 30,162
2018 07 12 16 40,132
2018 07 12 16 50,132
2018 07 12 17 00,117
2018 07 12 17 10,120
2018 07 12 17 20,159
2018 07 12 17 30,198
2018 07 12 17 40,206
2018 07 12 17 50,337
2018 07 12 18 00,470
2018 07 12 18 10,519
2018 07 12 18 20,510
2018 07 12 18 30,469
2018 07 12 18 40,490
2018 07 12 18 50,466
2018 07 12 19 00,490
2018 07 12 19 10,446
2018 07 12 19 20,377
2018 07 12 19 30,348
2018 07 12 19 40,322
2018 07 12 19 50,278
2018 07 12 20 00,237
2018 07 12 20 10,210
2018 07 12 20 20,200
2018 07 12 20 30,210
2018 07 12 20 40,146
2018 07 12 20 50,129
2018 07 12 21 00,128
2018 07 12 21 10,140
2018 07 12 21 20,129
2018 07 12 21 30,142
2018 07 12 21 40,98
2018 07 12 21 50,45
2018 07 12 22 00,65
2018 07 12 22 10,69
2018 07 12 22 20,89
2018 07 12 22 30,74
2018 07 12 22 40,58
2018 07 12 22 50,49
2018 07 12 23 00,62
2018 07 12 23 10,78
2018 07 12 23 20,74
2018 07 12 23 30,71
2018 07 12 23 40,85
2018 07 12 23 50,69
2018 07 13 00 00,50
2018 07 13 00 10,45
2018 07 13 00 20,33
2018 07 13 00 30,26
2018 07 13 00 40,16
2018 07 13 00 50,7
2018 07 13 01 00,7
2018 07 13 01 10,9
2018 07 13 01 20,5
2018 07 13 01 30,3
2018 07 13 01 40,8
2018 07 13 01 50,2
2018 07 13 02 00,4
2018 07 13 02 10,3
2018 07 13 02 20,1
2018 07 13 02 30,2
2018 07 13 02 40,2
2018 07 13 02 50,4
2018 07 13 03 00,3
2018 07 13 03 10,4
2018 07 13 03 20,3
2018 07 13 03 30,2
2018 07 13 03 40,4
2018 07 13 03 50,4
2018 07 13 04 00,5
2018 07 13 04 10,2
2018 07 13 04 20,1
2018 07 13 04 30,2
2018 07 13 04 40,3
2018 07 13 04 50,2
2018 07 13 05 00,2
2018 07 13 05 10,2
2018 07 13 05 20,3
2018 07 13 05 30,2
2018 07 13 05 40,3
2018 07 13 05 50,3
2018 07 13 06 00,2
2018 07 13 06 10,2
2018 07 13 06 20,5
2018 07 13 06 30,7
2018 07 13 06 40,7
2018 07 13 06 50,10
2018 07 13 07 00,10
2018 07 13 07 10,22
2018 07 13 07 20,32
2018 07 13 07 30,55
2018 07 13 07 40,79
2018 07 13 07 50,109
2018 07 13 08 00,109
2018 07 13 08 10,106
2018 07 13 08 20,123
2018 07 13 08 30,160
2018 07 13 08 40,206
2018 07 13 08 50,259
2018 07 13 09 00,280
2018 07 13 09 10,255
2018 07 13 09 20,234
2018 07 13 09 30,269
2018 07 13 09 40,236
2018 07 13 09 50,202
2018 07 13 10 00,184
2018 07 13 10 10,162
2018 07 13 10 20,143
2018 07 13 10 30,133
2018 07 13 10 40,110
2018 07 13 10 50,111
2018 07 13 11 00,113
2018 07 13 11 10,99
2018 07 13 11 20,102
2018 07 13 11 30,152
2018 07 13 11 40,184
2018 07 13 11 50,216
2018 07 13 12 00,291
2018 07 13 12 10,401
2018 07 13 12 20,487
2018 07 13 12 30,613
2018 07 13 12 40,692
2018 07 13 12 50,788
2018 07 13 13 00,827
2018 07 13 13 10,916
2018 07 13 13 20,927
2018 07 13 13 30,887
2018 07 13 13 40,797
2018 07 13 13 50,651
2018 07 13 14 00,498
2018 07 13 14 10,332
2018 07 13 14 20,222
2018 07 13 14 30,177
2018 07 13 14 40,179
2018 07 13 14 50,158
2018 07 13 15 00,176
2018 07 13 15 10,171
2018 07 13 15 20,175
2018 07 13 15 30,151
2018 07 13 15 40,148
2018 07 13 15 50,141
2018 07 13 16 00,148
2018 07 13 16 10,122
2018 07 13 16 20,134
2018 07 13 16 30,118
2018 07 13 16 40,138
2018 07 13 16 50,143
2018 07 13 17 00,127
2018 07 13 17 10,155
2018 07 13 17 20,179
2018 07 13 17 30,174
2018 07 13 17 40,208
2018 07 13 17 50,281
2018 07 13 18 00,379
2018 07 13 18 10,378
2018 07 13 18 20,443
2018 07 13 18 30,406
2018 07 13 18 40,403
2018 07 13 18 50,449
2018 07 13 19 00,438
2018 07 13 19 10,398
2018 07 13 19 20,388
2018 07 13 19 30,325
2018 07 13 19 40,272
2018 07 13 19 50,307
2018 07 13 20 00,238
2018 07 13 20 10,236
2018 07 13 20 20,210
2018 07 13 20 30,177
2018 07 13 20 40,174
2018 07 13 20 50,167
2018 07 13 21 00,128
2018 07 13 21 10,123
2018 07 13 21 20,114
2018 07 13 21 30,82
2018 07 13 21 40,49
2018 07 13 21 50,85
2018 07 13 22 00,114
2018 07 13 22 10,81
2018 07 13 22 20,77
2018 07 13 22 30,56
2018 07 13 22 40,51
2018 07 13 22 50,28
2018 07 13 23 00,43
2018 07 13 23 10,39
2018 07 13 23 20,36
2018 07 13 23 30,60
2018 07 13 23 40,63
2018 07 13 23 50,32
2018 07 14 00 00,30
2018 07 14 00 10,30
2018 07 14 00 20,9
2018 07 14 00 30,6
2018 07 14 00 40,10
2018 07 14 00 50,10
2018 07 14 01 00,5
2018 07 14 01 10,8
2018 07 14 01 20,16
2018 07 14 01 30,9
2018 07 14 01 40,3
2018 07 14 01 50,2
2018 07 14 02 00,0
2018 07 14 02 10,0
2018 07 14 02 20,0
2018 07 14 02 30,0
2018 07 14 02 40,0
2018 07 14 02 50,1
2018 07 14 03 00,2
2018 07 14 03 10,1
2018 07 14 03 20,0
2018 07 14 03 30,4
2018 07 14 03 40,5
2018 07 14 03 50,2
2018 07 14 04 00,0
2018 07 14 04 10,0
2018 07 14 04 20,0
2018 07 14 04 30,3
2018 07 14 04 40,3
2018 07 14 04 50,0
2018 07 14 05 00,0
2018 07 14 05 10,0
2018 07 14 05 20,0
2018 07 14 05 30,0
2018 07 14 05 40,0
2018 07 14 05 50,1
2018 07 14 06 00,3
2018 07 14 06 10,4
2018 07 14 06 20,2
2018 07 14 06 30,2
2018 07 14 06 40,7
2018 07 14 06 50,6
2018 07 14 07 00,7
2018 07 14 07 10,15
2018 07 14 07 20,22
2018 07 14 07 30,29
2018 07 14 07 40,42
2018 07 14 07 50,57
2018 07 14 08 00,54
2018 07 14 08 10,55
2018 07 14 08 20,61
2018 07 14 08 30,61
2018 07 14 08 40,83
2018 07 14 08 50,95
2018 07 14 09 00,102
2018 07 14 09 10,112
2018 07 14 09 20,93
2018 07 14 09 30,120
2018 07 14 09 40,151
2018 07 14 09 50,165
2018 07 14 10 00,188
2018 07 14 10 10,159
2018 07 14 10 20,109
2018 07 14 10 30,97
2018 07 14 10 40,107
2018 07 14 10 50,115
2018 07 14 11 00,97
2018 07 14 11 10,107
2018 07 14 11 20,111
2018 07 14 11 30,134
2018 07 14 11 40,151
2018 07 14 11 50,206
2018 07 14 12 00,225
2018 07 14 12 10,215
2018 07 14 12 20,227
2018 07 14 12 30,282
2018 07 14 12 40,392
2018 07 14 12 50,444
2018 07 14 13 00,435
2018 07 14 13 10,456
2018 07 14 13 20,401
2018 07 14 13 30,398
2018 07 14 13 40,350
2018 07 14 13 50,327
2018 07 14 14 00,298
2018 07 14 14 10,238
2018 07 14 14 20,230
2018 07 14 14 30,218
2018 07 14 14 40,181
2018 07 14 14 50,149
2018 07 14 15 00,176
2018 07 14 15 10,193
2018 07 14 15 20,180
2018 07 14 15 30,208
2018 07 14 15 40,211
2018 07 14 15 50,173
2018 07 14 16 00,168
2018 07 14 16 10,164
2018 07 14 16 20,105
2018 07 14 16 30,94
2018 07 14 16 40,128
2018 07 14 16 50,153
2018 07 14 17 00,148
2018 07 14 17 10,105
2018 07 14 17 20,115
2018 07 14 17 30,89
2018 07 14 17 40,143
2018 07 14 17 50,187
2018 07 14 18 00,250
2018 07 14 18 10,246
2018 07 14 18 20,286
2018 07 14 18 30,325
2018 07 14 18 40,327
2018 07 14 18 50,300
2018 07 14 19 00,287
2018 07 14 19 10,265
2018 07 14 19 20,228
2018 07 14 19 30,197
2018 07 14 19 40,208
2018 07 14 19 50,200
2018 07 14 20 00,194
2018 07 14 20 10,180
2018 07 14 20 20,164
2018 07 14 20 30,144
2018 07 14 20 40,149
2018 07 14 20 50,133
2018 07 14 21 00,90
2018 07 14 21 10,95
2018 07 14 21 20,115
2018 07 14 21 30,119
2018 07 14 21 40,117
2018 07 14 21 50,98
2018 07 14 22 00,74
2018 07 14 22 10,69
2018 07 14 22 20,65
2018 07 14 22 30,59
2018 07 14 22 40,50
2018 07 14 22 50,61
2018 07 14 23 00,62
2018 07 14 23 10,47
2018 07 14 23 20,53
2018 07 14 23 30,67
2018 07 14 23 40,44
2018 07 14 23 50,51
2018 07 15 00 00,32
2018 07 15 00 10,24
2018 07 15 00 20,17
2018 07 15 00 30,14
2018 07 15 00 40,8
2018 07 15 00 50,10
2018 07 15 01 00,9
2018 07 15 01 10,7
2018 07 15 01 20,6
2018 07 15 01 30,26
2018 07 15 01 40,3
2018 07 15 01 50,3
2018 07 15 02 00,7
2018 07 15 02 10,6
2018 07 15 02 20,1
2018 07 15 02 30,1
2018 07 15 02 40,1
2018 07 15 02 50,1
2018 07 15 03 00,2
2018 07 15 03 10,1
2018 07 15 03 20,1
2018 07 15 03 30,0
2018 07 15 03 40,0
2018 07 15 03 50,1
2018 07 15 04 00,0
2018 07 15 04 10,0
2018 07 15 04 20,0
2018 07 15 04 30,0
2018 07 15 04 40,0
2018 07 15 04 50,1
2018 07 15 05 00,1
2018 07 15 05 10,0
2018 07 15 05 20,0
2018 07 15 05 30,0
2018 07 15 05 40,3
2018 07 15 05 50,1
2018 07 15 06 00,0
2018 07 15 06 10,1
2018 07 15 06 20,1
2018 07 15 06 30,2
2018 07 15 06 40,5
2018 07 15 06 50,4
2018 07 15 07 00,5
2018 07 15 07 10,7
2018 07 15 07 20,7
2018 07 15 07 30,8
2018 07 15 07 40,24
2018 07 15 07 50,27
2018 07 15 08 00,25
2018 07 15 08 10,29
2018 07 15 08 20,61
2018 07 15 08 30,113
2018 07 15 08 40,142
2018 07 15 08 50,142
2018 07 15 09 00,65
2018 07 15 09 10,65
2018 07 15 09 20,67
2018 07 15 09 30,76
2018 07 15 09 40,82
2018 07 15 09 50,90
2018 07 15 10 00,87
2018 07 15 10 10,71
2018 07 15 10 20,85
2018 07 15 10 30,78
2018 07 15 10 40,94
2018 07 15 10 50,83
2018 07 15 11 00,112
2018 07 15 11 10,143
2018 07 15 11 20,175
2018 07 15 11 30,180
2018 07 15 11 40,182
2018 07 15 11 50,191
2018 07 15 12 00,212
2018 07 15 12 10,228
2018 07 15 12 20,256
2018 07 15 12 30,265
2018 07 15 12 40,205
2018 07 15 12 50,245
2018 07 15 13 00,228
2018 07 15 13 10,192
2018 07 15 13 20,298
2018 07 15 13 30,313
2018 07 15 13 40,320
2018 07 15 13 50,322
2018 07 15 14 00,317
2018 07 15 14 10,293
2018 07 15 14 20,270
2018 07 15 14 30,278
2018 07 15 14 40,272
2018 07 15 14 50,269
2018 07 15 15 00,261
2018 07 15 15 10,245
2018 07 15 15 20,229
2018 07 15 15 30,222
2018 07 15 15 40,143
2018 07 15 15 50,145
2018 07 15 16 00,125
2018 07 15 16 10,110
2018 07 15 16 20,84
2018 07 15 16 30,83
2018 07 15 16 40,84
2018 07 15 16 50,78
2018 07 15 17 00,56
2018 07 15 17 10,65
2018 07 15 17 20,73
2018 07 15 17 30,107
2018 07 15 17 40,125
2018 07 15 17 50,181
2018 07 15 18 00,223
2018 07 15 18 10,271
2018 07 15 18 20,234
2018 07 15 18 30,251
2018 07 15 18 40,243
2018 07 15 18 50,235
2018 07 15 19 00,261
2018 07 15 19 10,273
2018 07 15 19 20,291
2018 07 15 19 30,279
2018 07 15 19 40,240
2018 07 15 19 50,224
2018 07 15 20 00,195
2018 07 15 20 10,167
2018 07 15 20 20,162
2018 07 15 20 30,145
2018 07 15 20 40,146
2018 07 15 20 50,133
2018 07 15 21 00,123
2018 07 15 21 10,87
2018 07 15 21 20,86
2018 07 15 21 30,44
2018 07 15 21 40,53
2018 07 15 21 50,46
2018 07 15 22 00,43
2018 07 15 22 10,49
2018 07 15 22 20,46
2018 07 15 22 30,19
2018 07 15 22 40,23
2018 07 15 22 50,45
2018 07 15 23 00,44
2018 07 15 23 10,42
2018 07 15 23 20,53
2018 07 15 23 30,44
2018 07 15 23 40,40
2018 07 15 23 50,41
2018 07 16 00 00,1
2018 07 16 00 10,34
2018 07 16 00 20,23
2018 07 16 00 30,15
2018 07 16 00 40,19
2018 07 16 00 50,19
2018 07 16 01 00,16
2018 07 16 01 10,17
2018 07 16 01 20,8
2018 07 16 01 30,5
2018 07 16 01 40,5
2018 07 16 01 50,5
2018 07 16 02 00,4
2018 07 16 02 10,6
2018 07 16 02 20,2
2018 07 16 02 30,1
2018 07 16 02 40,3
2018 07 16 02 50,2
2018 07 16 03 00,0
2018 07 16 03 10,1
2018 07 16 03 20,2
2018 07 16 03 30,2
2018 07 16 03 40,1
2018 07 16 03 50,3
2018 07 16 04 00,4
2018 07 16 04 10,6
2018 07 16 04 20,5
2018 07 16 04 30,1
2018 07 16 04 40,0
2018 07 16 04 50,4
2018 07 16 05 00,4
2018 07 16 05 10,2
2018 07 16 05 20,0
2018 07 16 05 30,2
2018 07 16 05 40,2
2018 07 16 05 50,2
2018 07 16 06 00,0
2018 07 16 06 10,0
2018 07 16 06 20,1
2018 07 16 06 30,3
2018 07 16 06 40,2
2018 07 16 06 50,8
2018 07 16 07 00,11
2018 07 16 07 10,21
2018 07 16 07 20,30
2018 07 16 07 30,49
2018 07 16 07 40,70
2018 07 16 07 50,94
2018 07 16 08 00,86
2018 07 16 08 10,86
2018 07 16 08 20,107
2018 07 16 08 30,143
2018 07 16 08 40,198
2018 07 16 08 50,252
2018 07 16 09 00,252
2018 07 16 09 10,221
2018 07 16 09 20,186
2018 07 16 09 30,178
2018 07 16 09 40,161
2018 07 16 09 50,194
2018 07 16 10 00,138
2018 07 16 10 10,108
2018 07 16 10 20,114
2018 07 16 10 30,109
2018 07 16 10 40,121
2018 07 16 10 50,97
2018 07 16 11 00,89
2018 07 16 11 10,102
2018 07 16 11 20,111
2018 07 16 11 30,126
2018 07 16 11 40,156
2018 07 16 11 50,225
2018 07 16 12 00,300
2018 07 16 12 10,360
2018 07 16 12 20,469
2018 07 16 12 30,588
2018 07 16 12 40,702
2018 07 16 12 50,797
2018 07 16 13 00,909
2018 07 16 13 10,907
2018 07 16 13 20,870
2018 07 16 13 30,800
2018 07 16 13 40,733
2018 07 16 13 50,613
2018 07 16 14 00,546
2018 07 16 14 10,333
2018 07 16 14 20,247
2018 07 16 14 30,221
2018 07 16 14 40,199
2018 07 16 14 50,146
2018 07 16 15 00,126
2018 07 16 15 10,137
2018 07 16 15 20,119
2018 07 16 15 30,129
2018 07 16 15 40,106
2018 07 16 15 50,100
2018 07 16 16 00,99
2018 07 16 16 10,127
2018 07 16 16 20,128
2018 07 16 16 30,156
2018 07 16 16 40,165
2018 07 16 16 50,186
2018 07 16 17 00,167
2018 07 16 17 10,163
2018 07 16 17 20,171
2018 07 16 17 30,180
2018 07 16 17 40,213
2018 07 16 17 50,269
2018 07 16 18 00,359
2018 07 16 18 10,404
2018 07 16 18 20,372
2018 07 16 18 30,441
2018 07 16 18 40,421
2018 07 16 18 50,404
2018 07 16 19 00,363
2018 07 16 19 10,324
2018 07 16 19 20,260
2018 07 16 19 30,280
2018 07 16 19 40,285
2018 07 16 19 50,277
2018 07 16 20 00,274
2018 07 16 20 10,221
2018 07 16 20 20,214
2018 07 16 20 30,190
2018 07 16 20 40,167
2018 07 16 20 50,170
2018 07 16 21 00,149
2018 07 16 21 10,175
2018 07 16 21 20,160
2018 07 16 21 30,72
2018 07 16 21 40,67
2018 07 16 21 50,60
2018 07 16 22 00,73
2018 07 16 22 10,58
2018 07 16 22 20,60
2018 07 16 22 30,38
2018 07 16 22 40,52
2018 07 16 22 50,52
2018 07 16 23 00,55
2018 07 16 23 10,50
2018 07 16 23 20,49
2018 07 16 23 30,26
2018 07 16 23 40,37
2018 07 16 23 50,34
2018 07 17 00 00,38
2018 07 17 00 10,26
2018 07 17 00 20,15
2018 07 17 00 30,0
2018 07 17 00 40,5
2018 07 17 00 50,4
2018 07 17 01 00,5
2018 07 17 01 10,4
2018 07 17 01 20,5
2018 07 17 01 30,4
2018 07 17 01 40,7
2018 07 17 01 50,6
2018 07 17 02 00,5
2018 07 17 02 10,5
2018 07 17 02 20,1
2018 07 17 02 30,2
2018 07 17 02 40,5
2018 07 17 02 50,5
2018 07 17 03 00,2
2018 07 17 03 10,2
2018 07 17 03 20,7
2018 07 17 03 30,2
2018 07 17 03 40,1
2018 07 17 03 50,3
2018 07 17 04 00,2
2018 07 17 04 10,1
2018 07 17 04 20,1
2018 07 17 04 30,1
2018 07 17 04 40,1
2018 07 17 04 50,1
2018 07 17 05 00,1
2018 07 17 05 10,4
2018 07 17 05 20,3
2018 07 17 05 30,3
2018 07 17 05 40,1
2018 07 17 05 50,2
2018 07 17 06 00,1
2018 07 17 06 10,2
2018 07 17 06 20,3
2018 07 17 06 30,4
2018 07 17 06 40,5
2018 07 17 06 50,6
2018 07 17 07 00,13
2018 07 17 07 10,19
2018 07 17 07 20,36
2018 07 17 07 30,48
2018 07 17 07 40,81
2018 07 17 07 50,81
2018 07 17 08 00,121
2018 07 17 08 10,136
2018 07 17 08 20,159
2018 07 17 08 30,190
2018 07 17 08 40,227
2018 07 17 08 50,299
2018 07 17 09 00,273
2018 07 17 09 10,184
2018 07 17 09 20,154
2018 07 17 09 30,161
2018 07 17 09 40,172
2018 07 17 09 50,171
2018 07 17 10 00,158
2018 07 17 10 10,155
2018 07 17 10 20,130
2018 07 17 10 30,123
2018 07 17 10 40,105
2018 07 17 10 50,112
2018 07 17 11 00,110
2018 07 17 11 10,90
2018 07 17 11 20,105
2018 07 17 11 30,112
2018 07 17 11 40,148
2018 07 17 11 50,200
2018 07 17 12 00,387
2018 07 17 12 10,504
2018 07 17 12 20,666
2018 07 17 12 30,722
2018 07 17 12 40,731
2018 07 17 12 50,760
2018 07 17 13 00,862
2018 07 17 13 10,869
2018 07 17 13 20,881
2018 07 17 13 30,847
2018 07 17 13 40,749
2018 07 17 13 50,627
2018 07 17 14 00,487
2018 07 17 14 10,356
2018 07 17 14 20,272
2018 07 17 14 30,217
2018 07 17 14 40,185
2018 07 17 14 50,173
2018 07 17 15 00,154
2018 07 17 15 10,156
2018 07 17 15 20,150
2018 07 17 15 30,109
2018 07 17 15 40,122
2018 07 17 15 50,132
2018 07 17 16 00,131
2018 07 17 16 10,96
2018 07 17 16 20,119
2018 07 17 16 30,119
2018 07 17 16 40,134
2018 07 17 16 50,113
2018 07 17 17 00,122
2018 07 17 17 10,117
2018 07 17 17 20,166
2018 07 17 17 30,173
2018 07 17 17 40,236
2018 07 17 17 50,295
2018 07 17 18 00,291
2018 07 17 18 10,389
2018 07 17 18 20,365
2018 07 17 18 30,473
2018 07 17 18 40,468
2018 07 17 18 50,457
2018 07 17 19 00,434
2018 07 17 19 10,384
2018 07 17 19 20,317
2018 07 17 19 30,366
2018 07 17 19 40,322
2018 07 17 19 50,300
2018 07 17 20 00,247
2018 07 17 20 10,217
2018 07 17 20 20,192
2018 07 17 20 30,155
2018 07 17 20 40,109
2018 07 17 20 50,136
2018 07 17 21 00,153
2018 07 17 21 10,134
2018 07 17 21 20,117
2018 07 17 21 30,101
2018 07 17 21 40,63
2018 07 17 21 50,84
2018 07 17 22 00,66
2018 07 17 22 10,69
2018 07 17 22 20,81
2018 07 17 22 30,70
2018 07 17 22 40,50
2018 07 17 22 50,41
2018 07 17 23 00,49
2018 07 17 23 10,51
2018 07 17 23 20,48
2018 07 17 23 30,46
2018 07 17 23 40,39
2018 07 17 23 50,29
2018 07 18 00 00,30
2018 07 18 00 10,31
2018 07 18 00 20,10
2018 07 18 00 30,13
2018 07 18 00 40,4
2018 07 18 00 50,8
2018 07 18 01 00,7
2018 07 18 01 10,8
2018 07 18 01 20,4
2018 07 18 01 30,7
2018 07 18 01 40,2
2018 07 18 01 50,1
2018 07 18 02 00,1
2018 07 18 02 10,1
2018 07 18 02 20,4
2018 07 18 02 30,2
2018 07 18 02 40,1
2018 07 18 02 50,1
2018 07 18 03 00,1
2018 07 18 03 10,0
2018 07 18 03 20,0
2018 07 18 03 30,0
2018 07 18 03 40,3
2018 07 18 03 50,4
2018 07 18 04 00,5
2018 07 18 04 10,2
2018 07 18 04 20,2
2018 07 18 04 30,3
2018 07 18 04 40,4
2018 07 18 04 50,1
2018 07 18 05 00,0
2018 07 18 05 10,0
2018 07 18 05 20,0
2018 07 18 05 30,1
2018 07 18 05 40,0
2018 07 18 05 50,1
2018 07 18 06 00,2
2018 07 18 06 10,1
2018 07 18 06 20,3
2018 07 18 06 30,3
2018 07 18 06 40,6
2018 07 18 06 50,5
2018 07 18 07 00,13
2018 07 18 07 10,19
2018 07 18 07 20,36
2018 07 18 07 30,38
2018 07 18 07 40,26
2018 07 18 07 50,71
2018 07 18 08 00,90
2018 07 18 08 10,102
2018 07 18 08 20,131
2018 07 18 08 30,174
2018 07 18 08 40,215
2018 07 18 08 50,267
2018 07 18 09 00,258
2018 07 18 09 10,207
2018 07 18 09 20,215
2018 07 18 09 30,206
2018 07 18 09 40,224
2018 07 18 09 50,208
2018 07 18 10 00,189
2018 07 18 10 10,137
2018 07 18 10 20,127
2018 07 18 10 30,116
2018 07 18 10 40,90
2018 07 18 10 50,99
2018 07 18 11 00,101
2018 07 18 11 10,92
2018 07 18 11 20,109
2018 07 18 11 30,124
2018 07 18 11 40,176
2018 07 18 11 50,246
2018 07 18 12 00,291
2018 07 18 12 10,398
2018 07 18 12 20,185
2018 07 18 12 30,615
2018 07 18 12 40,660
2018 07 18 12 50,746
2018 07 18 13 00,860
2018 07 18 13 10,968
2018 07 18 13 20,950
2018 07 18 13 30,869
2018 07 18 13 40,735
2018 07 18 13 50,614
2018 07 18 14 00,459
2018 07 18 14 10,323
2018 07 18 14 20,195
2018 07 18 14 30,189
2018 07 18 14 40,154
2018 07 18 14 50,160
2018 07 18 15 00,137
2018 07 18 15 10,126
2018 07 18 15 20,130
2018 07 18 15 30,133
2018 07 18 15 40,138
2018 07 18 15 50,137
2018 07 18 16 00,135
2018 07 18 16 10,143
2018 07 18 16 20,163
2018 07 18 16 30,161
2018 07 18 16 40,150
2018 07 18 16 50,162
2018 07 18 17 00,180
2018 07 18 17 10,150
2018 07 18 17 20,177
2018 07 18 17 30,159
2018 07 18 17 40,223
2018 07 18 17 50,301
2018 07 18 18 00,402
2018 07 18 18 10,440
2018 07 18 18 20,443
2018 07 18 18 30,443
2018 07 18 18 40,464
2018 07 18 18 50,476
2018 07 18 19 00,430
2018 07 18 19 10,388
2018 07 18 19 20,355
2018 07 18 19 30,298
2018 07 18 19 40,298
2018 07 18 19 50,288
2018 07 18 20 00,249
2018 07 18 20 10,213
2018 07 18 20 20,217
2018 07 18 20 30,149
2018 07 18 20 40,161
2018 07 18 20 50,159
2018 07 18 21 00,130
2018 07 18 21 10,143
2018 07 18 21 20,128
2018 07 18 21 30,107
2018 07 18 21 40,84
2018 07 18 21 50,86
2018 07 18 22 00,76
2018 07 18 22 10,72
2018 07 18 22 20,87
2018 07 18 22 30,81
2018 07 18 22 40,59
2018 07 18 22 50,63
2018 07 18 23 00,62
2018 07 18 23 10,78
2018 07 18 23 20,78
2018 07 18 23 30,68
2018 07 18 23 40,38
2018 07 18 23 50,56
